Id,Choice
1,0.3637339
2,0.7028738
3,0.16483526
4,0.33483177
5,0.4846336
6,0.22118853
7,0.43441755
8,0.9185438
9,0.086664826
10,0.83717406
11,0.5402565
12,0.866582
13,0.533683
14,0.27040833
15,0.8496309
16,0.77640545
17,0.9022889
18,0.45750517
19,0.7439916
20,0.57958055
21,0.63354456
22,0.10719807
23,0.79641175
24,0.48792773
25,0.18428409
26,0.09407644
27,0.16963206
28,0.3237237
29,0.3536946
30,0.50302285
31,0.13251522
32,0.9163272
33,0.66737837
34,0.8291994
35,0.7126446
36,0.5300202
37,0.47768548
38,0.38609377
39,0.78036714
40,0.7093571
41,0.503911
42,0.16838346
43,0.28347734
44,0.907441
45,0.13548173
46,0.6080766
47,0.51151663
48,0.12005999
49,0.14316149
50,0.5354318
51,0.13940123
52,0.2124848
53,0.15012325
54,0.37269714
55,0.84948224
56,0.21223924
57,0.25565606
58,0.64370185
59,0.088206954
60,0.9010105
61,0.3170929
62,0.6204268
63,0.1905056
64,0.6537497
65,0.56518114
66,0.16096644
67,0.58047324
68,0.48035377
69,0.37587506
70,0.44781092
71,0.8075993
72,0.34268343
73,0.25212508
74,0.697397
75,0.68361664
76,0.8187602
77,0.30887684
78,0.64791703
79,0.32086104
80,0.07524912
81,0.4746042
82,0.092342995
83,0.14699109
84,0.6114562
85,0.64655197
86,0.3101996
87,0.47835276
88,0.26143587
89,0.82852626
90,0.6796003
91,0.36867446
92,0.10659454
93,0.85596955
94,0.78482395
95,0.33523452
96,0.21226518
97,0.89375895
98,0.378124
99,0.75278944
100,0.46652046
101,0.36152145
102,0.90107876
103,0.82540494
104,0.43118864
105,0.499113
106,0.44564313
107,0.19633918
108,0.61886567
109,0.31041768
110,0.7557236
111,0.33775297
112,0.25926933
113,0.78723717
114,0.4398911
115,0.91677654
116,0.56825864
117,0.64523095
118,0.91166896
119,0.8816502
120,0.7015602
121,0.8479512
122,0.7836886
123,0.081623055
124,0.7691136
125,0.66749245
126,0.828562
127,0.76708996
128,0.16507578
129,0.62302023
130,0.8646489
131,0.6381319
132,0.3277365
133,0.28692624
134,0.86167634
135,0.16703476
136,0.71306574
137,0.9093515
138,0.34451744
139,0.76713437
140,0.29114315
141,0.90864325
142,0.75096834
143,0.6419899
144,0.88797766
145,0.31150594
146,0.083932064
147,0.28181824
148,0.07938165
149,0.2853751
150,0.79801726
151,0.29552194
152,0.17048879
153,0.89706296
154,0.89159924
155,0.4064617
156,0.21455799
157,0.7769673
158,0.9358211
159,0.5588653
160,0.43275324
161,0.7219506
162,0.4735789
163,0.7839807
164,0.53475314
165,0.59779584
166,0.6336438
167,0.8388367
168,0.92267555
169,0.23467867
170,0.13543718
171,0.42743757
172,0.42643243
173,0.1684781
174,0.57455766
175,0.291148
176,0.14964326
177,0.5567475
178,0.89644337
179,0.6144515
180,0.8590625
181,0.57775813
182,0.2882698
183,0.83418405
184,0.3263609
185,0.32620874
186,0.8036168
187,0.5145288
188,0.18185677
189,0.41003096
190,0.8579188
191,0.8161234
192,0.61136025
193,0.070732154
194,0.6430562
195,0.8253378
196,0.88009495
197,0.3127874
198,0.90456915
199,0.70473516
200,0.63672084
201,0.6525154
202,0.8838773
203,0.3977466
204,0.41645768
205,0.86465776
206,0.2174639
207,0.24425203
208,0.8233986
209,0.07473265
210,0.14315368
211,0.9097369
212,0.7144898
213,0.7514969
214,0.7414642
215,0.907495
216,0.32086104
217,0.67239785
218,0.84302485
219,0.80407137
220,0.116870455
221,0.57597166
222,0.89316154
223,0.5067008
224,0.3398752
225,0.48031712
226,0.43043533
227,0.8914127
228,0.09706498
229,0.81053764
230,0.2779516
231,0.07928656
232,0.1737045
233,0.19155435
234,0.86526674
235,0.63918906
236,0.63094026
237,0.13830045
238,0.5974304
239,0.5101281
240,0.786095
241,0.91896474
242,0.34369293
243,0.53628623
244,0.80596566
245,0.09100961
246,0.7093657
247,0.09957929
248,0.91208124
249,0.89867246
250,0.45764595
251,0.91158485
252,0.88927734
253,0.46687445
254,0.46489376
255,0.106649905
256,0.105023086
257,0.26854497
258,0.31095374
259,0.650967
260,0.8321649
261,0.10508137
262,0.92114997
263,0.6454847
264,0.8887511
265,0.84769934
266,0.45239776
267,0.71277267
268,0.34278217
269,0.6836758
270,0.6657896
271,0.6294879
272,0.9146639
273,0.5001616
274,0.14568004
275,0.8666399
276,0.30164725
277,0.8550925
278,0.84541035
279,0.8318935
280,0.36706778
281,0.2521419
282,0.6555129
283,0.75480723
284,0.6675201
285,0.49690542
286,0.58530104
287,0.5860145
288,0.88028437
289,0.70344836
290,0.12707876
291,0.8572766
292,0.88479614
293,0.76795477
294,0.09406976
295,0.89890033
296,0.34915483
297,0.74920213
298,0.8011147
299,0.852372
300,0.7457674
301,0.08765686
302,0.64655197
303,0.7173905
304,0.38909253
305,0.90947574
306,0.24234556
307,0.08191337
308,0.52233386
309,0.6460814
310,0.1277685
311,0.3292117
312,0.22687088
313,0.36512616
314,0.4363629
315,0.8011988
316,0.77875954
317,0.8929672
318,0.26498595
319,0.37749323
320,0.6100757
321,0.5553169
322,0.78583187
323,0.13175637
324,0.7601616
325,0.9095789
326,0.09815994
327,0.53840286
328,0.5085293
329,0.84095716
330,0.58047324
331,0.2230786
332,0.13548173
333,0.8541178
334,0.09355658
335,0.7629584
336,0.8307947
337,0.64752024
338,0.59296054
339,0.65025824
340,0.7182268
341,0.9146325
342,0.6372365
343,0.83075625
344,0.107366
345,0.3828774
346,0.2441548
347,0.7960949
348,0.35393643
349,0.5043305
350,0.15408354
351,0.6123064
352,0.54010755
353,0.5300937
354,0.12836905
355,0.4852482
356,0.7123146
357,0.8750906
358,0.5755136
359,0.22800492
360,0.92174405
361,0.5617527
362,0.76191694
363,0.6667369
364,0.14928773
365,0.7642035
366,0.117026374
367,0.1522546
368,0.4215662
369,0.795524
370,0.85869855
371,0.3427891
372,0.20175655
373,0.54731065
374,0.4434666
375,0.696289
376,0.836714
377,0.48390213
378,0.49282715
379,0.12957776
380,0.5096106
381,0.14261404
382,0.47176075
383,0.9060406
384,0.4504414
385,0.1619362
386,0.5529764
387,0.25674692
388,0.45472378
389,0.4459173
390,0.8339912
391,0.7411095
392,0.2282769
393,0.12747419
394,0.108498655
395,0.26556197
396,0.38799804
397,0.5712051
398,0.46856004
399,0.66220546
400,0.080205314
401,0.6500346
402,0.49626973
403,0.1788465
404,0.18049215
405,0.56278
406,0.91243994
407,0.51755023
408,0.87359667
409,0.6372792
410,0.08712639
411,0.13411751
412,0.4131434
413,0.7079815
414,0.6127221
415,0.59854186
416,0.11893801
417,0.5323555
418,0.12734145
419,0.80729
420,0.83639675
421,0.26077655
422,0.2920728
423,0.79316956
424,0.17130879
425,0.07570195
426,0.3205253
427,0.19734251
428,0.4876195
429,0.77477235
430,0.7313175
431,0.095361084
432,0.19857156
433,0.6408562
434,0.166208
435,0.30816972
436,0.8247021
437,0.65847355
438,0.64290226
439,0.17949009
440,0.6947624
441,0.5055553
442,0.6705608
443,0.30983967
444,0.47845194
445,0.7509451
446,0.85101086
447,0.19569163
448,0.56380564
449,0.5087839
450,0.40698695
451,0.40510264
452,0.6824932
453,0.8011545
454,0.70337534
455,0.7532282
456,0.16860285
457,0.25593585
458,0.16874209
459,0.18770508
460,0.30189365
461,0.6316261
462,0.86671245
463,0.39881036
464,0.2640852
465,0.072595894
466,0.10564544
467,0.2786238
468,0.67128736
469,0.8645976
470,0.8985284
471,0.6619008
472,0.84226453
473,0.82641554
474,0.2128263
475,0.4099979
476,0.0837398
477,0.57815754
478,0.650869
479,0.54949635
480,0.74920213
481,0.7821273
482,0.9182298
483,0.12897533
484,0.83938634
485,0.4507297
486,0.18590018
487,0.1681469
488,0.3941095
489,0.85036135
490,0.52711564
491,0.16313066
492,0.0986147
493,0.9123565
494,0.34600216
495,0.84045744
496,0.7454386
497,0.63215286
498,0.47666106
499,0.6490898
500,0.56592965
501,0.6038343
502,0.22967863
503,0.59916306
504,0.87514997
505,0.9167305
506,0.5670507
507,0.32645425
508,0.8349158
509,0.10818981
510,0.10430208
511,0.3157465
512,0.2030175
513,0.1844897
514,0.3313731
515,0.094279245
516,0.10742442
517,0.08879838
518,0.79351866
519,0.9250935
520,0.4600645
521,0.65230256
522,0.4636689
523,0.6934583
524,0.8196856
525,0.6014276
526,0.63751215
527,0.6896575
528,0.6347857
529,0.8400698
530,0.1645339
531,0.9043321
532,0.74392116
533,0.6162509
534,0.75554425
535,0.09451673
536,0.8996993
537,0.71764445
538,0.24784651
539,0.20856507
540,0.1053961
541,0.28770125
542,0.7088049
543,0.5721625
544,0.73764706
545,0.6922184
546,0.20030962
547,0.4034723
548,0.30445653
549,0.8868043
550,0.08234509
551,0.36574113
552,0.12042363
553,0.57430154
554,0.6404413
555,0.92070967
556,0.09100961
557,0.8324905
558,0.8340954
559,0.85394526
560,0.39219812
561,0.86892545
562,0.3113776
563,0.6168041
564,0.45974028
565,0.76795477
566,0.16543803
567,0.8470831
568,0.40959775
569,0.069630206
570,0.7162277
571,0.86875266
572,0.45773873
573,0.8790521
574,0.27759346
575,0.92493296
576,0.20355271
577,0.06787755
578,0.5421531
579,0.07139623
580,0.83738226
581,0.90451217
582,0.88719547
583,0.23243274
584,0.36032715
585,0.38381365
586,0.78270966
587,0.54509956
588,0.10036403
589,0.24459128
590,0.30871564
591,0.5845765
592,0.53556615
593,0.36083618
594,0.66296166
595,0.8004895
596,0.35220468
597,0.7321111
598,0.7941174
599,0.16886732
600,0.53656864
601,0.71779925
602,0.7022701
603,0.3013605
604,0.83517027
605,0.12014532
606,0.47445804
607,0.37280342
608,0.19039279
609,0.121545956
610,0.68908316
611,0.8155059
612,0.08792088
613,0.36316988
614,0.29187033
615,0.3760711
616,0.5768727
617,0.14326292
618,0.107062235
619,0.4667786
620,0.7570294
621,0.8233986
622,0.12820634
623,0.8150052
624,0.707787
625,0.072013594
626,0.5791853
627,0.9009481
628,0.34818453
629,0.20992288
630,0.8231667
631,0.6372648
632,0.9261038
633,0.2243309
634,0.20180504
635,0.51291054
636,0.7276679
637,0.16379394
638,0.44162935
639,0.9285043
640,0.1298615
641,0.8227997
642,0.68542284
643,0.209287
644,0.4091702
645,0.8721869
646,0.8390818
647,0.6554271
648,0.30946365
649,0.8042391
650,0.6738578
651,0.8366341
652,0.5116025
653,0.45248
654,0.35409135
655,0.13735922
656,0.83129865
657,0.6870663
658,0.3426882
659,0.07048488
660,0.82915694
661,0.2880421
662,0.42118734
663,0.7449914
664,0.442688
665,0.3195699
666,0.084491186
667,0.2123814
668,0.4286075
669,0.376251
670,0.9382078
671,0.7912763
672,0.07420079
673,0.20054819
674,0.65192354
675,0.37292832
676,0.104508534
677,0.5617017
678,0.08017961
679,0.27120388
680,0.89681095
681,0.4928803
682,0.31103688
683,0.6153561
684,0.45794895
685,0.80620575
686,0.18762904
687,0.5472418
688,0.21196577
689,0.5637994
690,0.6816336
691,0.9363127
692,0.10344601
693,0.66342527
694,0.74697095
695,0.49319616
696,0.76642007
697,0.8159863
698,0.8131012
699,0.19075775
700,0.91724294
701,0.46976027
702,0.3316225
703,0.5019968
704,0.3550856
705,0.57378435
706,0.21218291
707,0.21108642
708,0.3181483
709,0.86953026
710,0.81742066
711,0.4853869
712,0.09639632
713,0.44056427
714,0.4274464
715,0.118432045
716,0.41375965
717,0.9154972
718,0.89386475
719,0.21725279
720,0.5354871
721,0.5579905
722,0.31785488
723,0.53285426
724,0.14702216
725,0.48437178
726,0.9105625
727,0.19246528
728,0.394696
729,0.44650295
730,0.43120718
731,0.460382
732,0.53886783
733,0.7637131
734,0.8662214
735,0.5106184
736,0.73372364
737,0.3171187
738,0.25086677
739,0.20115224
740,0.19551796
741,0.77268875
742,0.8767205
743,0.20723046
744,0.88363254
745,0.7227424
746,0.85105616
747,0.30409482
748,0.17808402
749,0.7048704
750,0.59379536
751,0.4323597
752,0.57656085
753,0.097640544
754,0.59071887
755,0.34691244
756,0.8463206
757,0.6040944
758,0.29888153
759,0.72248346
760,0.87926763
761,0.7604212
762,0.5712184
763,0.4493542
764,0.2926721
765,0.37059993
766,0.50506735
767,0.26390287
768,0.31070796
769,0.8586647
770,0.72061867
771,0.40772498
772,0.3196545
773,0.14812866
774,0.45082164
775,0.25372544
776,0.78653747
777,0.23218311
778,0.9167585
779,0.20090304
780,0.15486488
781,0.87717843
782,0.8779235
783,0.4464462
784,0.5233976
785,0.5514021
786,0.6569912
787,0.57681257
788,0.37282327
789,0.4661358
790,0.7530954
791,0.6814034
792,0.697026
793,0.16275255
794,0.3758379
795,0.7595502
796,0.9266483
797,0.36010686
798,0.2000543
799,0.09647864
800,0.17997849
801,0.86626065
802,0.571744
803,0.09804853
804,0.724193
805,0.44553265
806,0.35143903
807,0.301762
808,0.8192565
809,0.55385834
810,0.62512803
811,0.46026498
812,0.82726675
813,0.6179569
814,0.81561184
815,0.8977038
816,0.4483739
817,0.864249
818,0.888955
819,0.170562
820,0.25291282
821,0.28836006
822,0.6313547
823,0.8447586
824,0.11734464
825,0.3132864
826,0.08639497
827,0.5993322
828,0.7521144
829,0.3426882
830,0.82746774
831,0.112431854
832,0.77823055
833,0.901116
834,0.8865685
835,0.3164951
836,0.6859853
837,0.8702521
838,0.8190544
839,0.11634928
840,0.3362917
841,0.4347097
842,0.40441084
843,0.15245537
844,0.29311576
845,0.88892835
846,0.8529072
847,0.35847345
848,0.084144734
849,0.4933184
850,0.4616026
851,0.63529885
852,0.8807521
853,0.8742595
854,0.90339607
855,0.44181246
856,0.47303426
857,0.8277352
858,0.7793007
859,0.6351572
860,0.6139709
861,0.79275376
862,0.32701382
863,0.5972718
864,0.09182816
865,0.5331065
866,0.1070538
867,0.48926654
868,0.88713807
869,0.83789456
870,0.43486854
871,0.61835784
872,0.09177904
873,0.5909901
874,0.84493315
875,0.11770472
876,0.9116327
877,0.9020676
878,0.14045504
879,0.88501894
880,0.4882658
881,0.6158846
882,0.7797702
883,0.92698437
884,0.21964698
885,0.9309128
886,0.20843577
887,0.5573415
888,0.24093044
889,0.8262193
890,0.19172995
891,0.8260336
892,0.42780694
893,0.74048185
894,0.17069614
895,0.7945949
896,0.38154128
897,0.2595094
898,0.11560085
899,0.13181399
900,0.18461001
901,0.42048684
902,0.783567
903,0.86472595
904,0.8034187
905,0.3405602
906,0.5999509
907,0.38074404
908,0.31811067
909,0.40398353
910,0.9120825
911,0.6804192
912,0.6756568
913,0.5606062
914,0.07898321
915,0.1866557
916,0.25004286
917,0.2566831
918,0.22086072
919,0.7319157
920,0.7968653
921,0.84399074
922,0.22032616
923,0.1490702
924,0.41922808
925,0.11896456
926,0.28094542
927,0.45600143
928,0.79401267
929,0.116207
930,0.61670774
931,0.21157178
932,0.28247866
933,0.30063835
934,0.6981772
935,0.7152012
936,0.25757408
937,0.34617653
938,0.22800492
939,0.8725696
940,0.175537
941,0.13629754
942,0.8673357
943,0.4037825
944,0.086091615
945,0.43722218
946,0.42473328
947,0.45944706
948,0.201243
949,0.20714287
950,0.40564987
951,0.48453987
952,0.83191293
953,0.40782148
954,0.38074404
955,0.23387302
956,0.8911357
957,0.6232268
958,0.12208109
959,0.89764726
960,0.29697278
961,0.9027854
962,0.52029586
963,0.90967625
964,0.12586021
965,0.6169796
966,0.87332666
967,0.8289659
968,0.47077346
969,0.38874
970,0.80388415
971,0.40058854
972,0.60450023
973,0.6027456
974,0.8346583
975,0.4077187
976,0.17915265
977,0.4474771
978,0.2150814
979,0.79981846
980,0.81512076
981,0.64313424
982,0.5149743
983,0.20632266
984,0.422604
985,0.9127898
986,0.09559382
987,0.61905843
988,0.5573415
989,0.8109054
990,0.35749018
991,0.7227752
992,0.56406224
993,0.7618553
994,0.13145627
995,0.21753146
996,0.8060218
997,0.8541911
998,0.47503096
999,0.55044776
1000,0.4662156
1001,0.9027614
1002,0.09284003
1003,0.91399294
1004,0.38214937
1005,0.84145653
1006,0.5778855
1007,0.46142223
1008,0.8114939
1009,0.8652406
1010,0.8183717
1011,0.9044618
1012,0.51068586
1013,0.4084794
1014,0.42590234
1015,0.30439505
1016,0.8907095
1017,0.16657606
1018,0.34859934
1019,0.7525291
1020,0.46714526
1021,0.4629023
1022,0.34635806
1023,0.6989094
1024,0.2442269
1025,0.80659056
1026,0.25522277
1027,0.2317401
1028,0.09236627
1029,0.093623824
1030,0.6294879
1031,0.31754154
1032,0.4690057
1033,0.82828003
1034,0.6665603
1035,0.82926387
1036,0.17488542
1037,0.7937499
1038,0.56052554
1039,0.5359162
1040,0.47231036
1041,0.27553153
1042,0.8182814
1043,0.5155763
1044,0.5539104
1045,0.61376286
1046,0.6727826
1047,0.27897337
1048,0.15888841
1049,0.7986179
1050,0.803974
1051,0.8877105
1052,0.4615097
1053,0.3043327
1054,0.42164174
1055,0.121483825
1056,0.5855423
1057,0.28702664
1058,0.8829734
1059,0.085275374
1060,0.87282
1061,0.82445467
1062,0.25394934
1063,0.80393356
1064,0.65199643
1065,0.26744813
1066,0.65903574
1067,0.6400102
1068,0.39795896
1069,0.7746767
1070,0.72019583
1071,0.884129
1072,0.8441652
1073,0.19202915
1074,0.27785164
1075,0.36044002
1076,0.6831202
1077,0.80484986
1078,0.48260072
1079,0.1037054
1080,0.07672881
1081,0.90667367
1082,0.27580374
1083,0.37893605
1084,0.09562967
1085,0.22462736
1086,0.47667855
1087,0.13057865
1088,0.5289411
1089,0.17795245
1090,0.85805523
1091,0.621679
1092,0.62836504
1093,0.63535565
1094,0.8332004
1095,0.15245537
1096,0.82645196
1097,0.54693764
1098,0.8994953
1099,0.9063156
1100,0.9245498
1101,0.6395098
1102,0.47700027
1103,0.74349004
1104,0.93220156
1105,0.49996918
1106,0.15827376
1107,0.7272752
1108,0.1648433
1109,0.12353962
1110,0.35024503
1111,0.13714126
1112,0.6061837
1113,0.12976767
1114,0.42202458
1115,0.3864396
1116,0.71124065
1117,0.090863094
1118,0.34600216
1119,0.167282
1120,0.3167273
1121,0.71258765
1122,0.45434135
1123,0.10223125
1124,0.6395517
1125,0.40605205
1126,0.3562815
1127,0.60208803
1128,0.52931803
1129,0.1735266
1130,0.32397515
1131,0.34635806
1132,0.8277352
1133,0.13140717
1134,0.89263195
1135,0.50243545
1136,0.18005757
1137,0.275095
1138,0.7386346
1139,0.8294257
1140,0.33523452
1141,0.57967955
1142,0.49247658
1143,0.2309838
1144,0.13851723
1145,0.9319915
1146,0.65515137
1147,0.85161716
1148,0.41796234
1149,0.7212527
1150,0.56498456
1151,0.25763276
1152,0.3020992
1153,0.6876325
1154,0.5139627
1155,0.7146276
1156,0.7038306
1157,0.2644085
1158,0.33098564
1159,0.41953257
1160,0.7914613
1161,0.17618878
1162,0.50076866
1163,0.24084817
1164,0.6092746
1165,0.8700156
1166,0.086396806
1167,0.14550212
1168,0.4597067
1169,0.45175073
1170,0.1192388
1171,0.35507816
1172,0.18450171
1173,0.2381006
1174,0.23261867
1175,0.8646385
1176,0.24012485
1177,0.4142986
1178,0.09690054
1179,0.44367254
1180,0.5854578
1181,0.84403574
1182,0.46215913
1183,0.9115208
1184,0.64778525
1185,0.30311066
1186,0.16526036
1187,0.31891215
1188,0.089401
1189,0.88368696
1190,0.1160801
1191,0.4027324
1192,0.5386879
1193,0.8315778
1194,0.9013206
1195,0.5392415
1196,0.72969425
1197,0.4906662
1198,0.60037744
1199,0.7982685
1200,0.7769673
1201,0.41245317
1202,0.14537315
1203,0.90916264
1204,0.8565572
1205,0.9131839
1206,0.39005396
1207,0.32875347
1208,0.10621844
1209,0.69657946
1210,0.7092414
1211,0.21339338
1212,0.40597138
1213,0.43278012
1214,0.4009329
1215,0.5268002
1216,0.25905022
1217,0.80395323
1218,0.20530094
1219,0.8697005
1220,0.8836329
1221,0.8628918
1222,0.804813
1223,0.72148407
1224,0.26349947
1225,0.46611986
1226,0.79088813
1227,0.5801662
1228,0.20351298
1229,0.61013395
1230,0.8986976
1231,0.36441448
1232,0.50730675
1233,0.61562794
1234,0.46832252
1235,0.7035915
1236,0.63781935
1237,0.090207785
1238,0.25037354
1239,0.07645339
1240,0.40788588
1241,0.11503465
1242,0.11606405
1243,0.19177909
1244,0.6373681
1245,0.536433
1246,0.45631966
1247,0.7199752
1248,0.53826934
1249,0.898633
1250,0.7879032
1251,0.5237934
1252,0.5721625
1253,0.25868976
1254,0.8656869
1255,0.30619085
1256,0.85065114
1257,0.924964
1258,0.9282553
1259,0.72614324
1260,0.39986134
1261,0.85911876
1262,0.16082804
1263,0.3861983
1264,0.3118398
1265,0.28115904
1266,0.24622859
1267,0.9350054
1268,0.5731427
1269,0.73918563
1270,0.89016527
1271,0.33325937
1272,0.7635381
1273,0.7146276
1274,0.5763317
1275,0.12474109
1276,0.23101899
1277,0.6667188
1278,0.36813203
1279,0.80995584
1280,0.7273125
1281,0.24456371
1282,0.1356657
1283,0.85855204
1284,0.26518565
1285,0.49134228
1286,0.7833832
1287,0.27312347
1288,0.93371826
1289,0.23993178
1290,0.26433837
1291,0.68399566
1292,0.17631139
1293,0.13181446
1294,0.57412773
1295,0.89284354
1296,0.88447887
1297,0.094086826
1298,0.28768045
1299,0.25534555
1300,0.8862261
1301,0.19772068
1302,0.06818125
1303,0.79050916
1304,0.3406611
1305,0.7384272
1306,0.6893791
1307,0.5561193
1308,0.15782325
1309,0.6157606
1310,0.15518473
1311,0.537281
1312,0.15224493
1313,0.15444154
1314,0.52059555
1315,0.2530781
1316,0.82598585
1317,0.8821194
1318,0.6339352
1319,0.88531244
1320,0.8832278
1321,0.8275084
1322,0.5772397
1323,0.16235627
1324,0.44301018
1325,0.17864107
1326,0.81955326
1327,0.11578001
1328,0.24235818
1329,0.13502723
1330,0.59903884
1331,0.08273911
1332,0.90456915
1333,0.820393
1334,0.8912256
1335,0.9139851
1336,0.16042939
1337,0.8288072
1338,0.10921983
1339,0.24394202
1340,0.60041744
1341,0.11351117
1342,0.3798999
1343,0.20679966
1344,0.13999616
1345,0.8996656
1346,0.63170683
1347,0.1611159
1348,0.2783566
1349,0.67027235
1350,0.9207596
1351,0.47861955
1352,0.22695939
1353,0.5040141
1354,0.3267609
1355,0.30316582
1356,0.3755403
1357,0.15561996
1358,0.727364
1359,0.4328336
1360,0.5471653
1361,0.9017559
1362,0.76963186
1363,0.8773696
1364,0.3636118
1365,0.8250358
1366,0.4404403
1367,0.7577021
1368,0.23032609
1369,0.27580374
1370,0.8831526
1371,0.32702106
1372,0.18428409
1373,0.72802615
1374,0.5168461
1375,0.8008303
1376,0.81331104
1377,0.12705296
1378,0.8472177
1379,0.7143749
1380,0.35131106
1381,0.57594025
1382,0.48500615
1383,0.6045343
1384,0.23009774
1385,0.18324928
1386,0.5349901
1387,0.293934
1388,0.60744494
1389,0.89934564
1390,0.40293992
1391,0.10877341
1392,0.7004106
1393,0.8978788
1394,0.2920961
1395,0.387787
1396,0.86792517
1397,0.36115733
1398,0.4097543
1399,0.90949833
1400,0.4461383
1401,0.27586147
1402,0.5506169
1403,0.51503444
1404,0.3754765
1405,0.72511464
1406,0.8193731
1407,0.8713249
1408,0.27494204
1409,0.31531262
1410,0.771194
1411,0.82135075
1412,0.09042459
1413,0.1277685
1414,0.08494588
1415,0.4518201
1416,0.90475726
1417,0.8501845
1418,0.45240965
1419,0.71406955
1420,0.4490282
1421,0.43137679
1422,0.14007385
1423,0.082524925
1424,0.33079854
1425,0.9039262
1426,0.60002935
1427,0.7034906
1428,0.07559164
1429,0.6459012
1430,0.7016006
1431,0.7587257
1432,0.74520165
1433,0.11347196
1434,0.3906749
1435,0.751481
1436,0.8093026
1437,0.26903358
1438,0.3932924
1439,0.80742663
1440,0.5249948
1441,0.58395183
1442,0.43653542
1443,0.7379264
1444,0.20027801
1445,0.9289058
1446,0.8006163
1447,0.7952628
1448,0.48112926
1449,0.25048247
1450,0.47548705
1451,0.1269727
1452,0.4620789
1453,0.7211457
1454,0.21340287
1455,0.1612202
1456,0.80395055
1457,0.57434464
1458,0.7534984
1459,0.27309316
1460,0.20085534
1461,0.41981527
1462,0.54447234
1463,0.54916424
1464,0.49104506
1465,0.10455288
1466,0.5619607
1467,0.39262187
1468,0.39729947
1469,0.8956064
1470,0.78899044
1471,0.3495594
1472,0.208485
1473,0.5332174
1474,0.5479261
1475,0.90797436
1476,0.70235103
1477,0.11509748
1478,0.81667686
1479,0.7280635
1480,0.79290175
1481,0.65428686
1482,0.9202167
1483,0.21856068
1484,0.9044678
1485,0.30168816
1486,0.1283077
1487,0.90353453
1488,0.8335002
1489,0.77966803
1490,0.512227
1491,0.51708955
1492,0.5214772
1493,0.7484609
1494,0.84144133
1495,0.33413962
1496,0.6642493
1497,0.918602
1498,0.22519515
1499,0.851541
1500,0.35734364
1501,0.42078018
1502,0.2740231
1503,0.79859054
1504,0.8964341
1505,0.5810189
1506,0.60699594
1507,0.8161678
1508,0.92730093
1509,0.26120383
1510,0.7827811
1511,0.20305811
1512,0.76221246
1513,0.8893628
1514,0.539002
1515,0.79931927
1516,0.496471
1517,0.5582661
1518,0.61242783
1519,0.3842034
1520,0.80991304
1521,0.24340297
1522,0.6907637
1523,0.916799
1524,0.7327437
1525,0.60220045
1526,0.7311678
1527,0.09226834
1528,0.48777136
1529,0.87061465
1530,0.59908724
1531,0.74779147
1532,0.47131148
1533,0.3911987
1534,0.2745405
1535,0.79684883
1536,0.38317508
1537,0.08618852
1538,0.44431892
1539,0.85812175
1540,0.33377108
1541,0.64483345
1542,0.12402615
1543,0.29605073
1544,0.7941256
1545,0.8679095
1546,0.53065854
1547,0.44667992
1548,0.3015989
1549,0.63061154
1550,0.097962
1551,0.68898
1552,0.25310287
1553,0.9250166
1554,0.65340155
1555,0.36219165
1556,0.10913837
1557,0.16465023
1558,0.9188334
1559,0.37474558
1560,0.30891111
1561,0.48705953
1562,0.093444586
1563,0.30449077
1564,0.676275
1565,0.2076866
1566,0.11958317
1567,0.91051525
1568,0.8534976
1569,0.07873142
1570,0.74466103
1571,0.7113754
1572,0.092728384
1573,0.7297276
1574,0.65689886
1575,0.6970273
1576,0.57243854
1577,0.111844696
1578,0.2764744
1579,0.1808205
1580,0.2561838
1581,0.23534714
1582,0.75504017
1583,0.74132854
1584,0.07513471
1585,0.40178025
1586,0.09947373
1587,0.8346583
1588,0.3451661
1589,0.6965298
1590,0.7332466
1591,0.596821
1592,0.7440801
1593,0.7848291
1594,0.66527385
1595,0.177521
1596,0.54971784
1597,0.66927767
1598,0.6572845
1599,0.26813492
1600,0.55230653
1601,0.19545041
1602,0.858363
1603,0.34457287
1604,0.82171416
1605,0.2520388
1606,0.10267422
1607,0.6659324
1608,0.35018778
1609,0.05989345
1610,0.7513864
1611,0.6279254
1612,0.80589306
1613,0.08720845
1614,0.7885497
1615,0.15402448
1616,0.4142286
1617,0.87010425
1618,0.41660416
1619,0.86008656
1620,0.31334302
1621,0.8097075
1622,0.1023564
1623,0.21710925
1624,0.44109765
1625,0.47626933
1626,0.9023749
1627,0.31470174
1628,0.9016846
1629,0.1263014
1630,0.42087373
1631,0.8483083
1632,0.5185236
1633,0.40772954
1634,0.42982274
1635,0.90461737
1636,0.5299325
1637,0.10396733
1638,0.8517544
1639,0.30745924
1640,0.5793473
1641,0.9028764
1642,0.9032669
1643,0.6650686
1644,0.5159832
1645,0.64182234
1646,0.82055646
1647,0.7718449
1648,0.9253874
1649,0.5673368
1650,0.320257
1651,0.23887311
1652,0.9194052
1653,0.4577967
1654,0.48558706
1655,0.82130075
1656,0.7484615
1657,0.43186224
1658,0.65884703
1659,0.1329241
1660,0.1464231
1661,0.82374007
1662,0.8982439
1663,0.08093694
1664,0.8836316
1665,0.8713405
1666,0.8049831
1667,0.25359562
1668,0.16982566
1669,0.18403578
1670,0.3810115
1671,0.7811329
1672,0.9119795
1673,0.515359
1674,0.3570852
1675,0.6537238
1676,0.56169873
1677,0.38149923
1678,0.6367491
1679,0.63566625
1680,0.15448976
1681,0.5719536
1682,0.8540998
1683,0.7463768
1684,0.6469535
1685,0.32518014
1686,0.7679699
1687,0.6906875
1688,0.2436667
1689,0.54420847
1690,0.116169594
1691,0.90806633
1692,0.3817024
1693,0.79856443
1694,0.31769785
1695,0.54486674
1696,0.5254818
1697,0.116962194
1698,0.44015336
1699,0.6864682
1700,0.69760036
1701,0.7602853
1702,0.40661642
1703,0.5588042
1704,0.86022025
1705,0.35430372
1706,0.24582203
1707,0.20141633
1708,0.41270578
1709,0.68540436
1710,0.196495
1711,0.61882854
1712,0.26680866
1713,0.5263472
1714,0.8109054
1715,0.57053095
1716,0.8817208
1717,0.90866756
1718,0.52053124
1719,0.7518743
1720,0.8838844
1721,0.25481188
1722,0.08453439
1723,0.12820965
1724,0.13892065
1725,0.2938798
1726,0.7903767
1727,0.27896428
1728,0.6642493
1729,0.6430562
1730,0.63792956
1731,0.10904783
1732,0.09794108
1733,0.116769545
1734,0.41583234
1735,0.62423384
1736,0.8194945
1737,0.6442153
1738,0.49318957
1739,0.29805663
1740,0.33898598
1741,0.6652176
1742,0.7424025
1743,0.8011153
1744,0.3325973
1745,0.62034976
1746,0.8452736
1747,0.7899625
1748,0.55347866
1749,0.43177497
1750,0.2900882
1751,0.6506669
1752,0.5100031
1753,0.740966
1754,0.39639086
1755,0.41240516
1756,0.84736806
1757,0.84607726
1758,0.34261236
1759,0.2768607
1760,0.49373168
1761,0.67122334
1762,0.7544989
1763,0.26077765
1764,0.09947373
1765,0.24142541
1766,0.9011675
1767,0.30860397
1768,0.8645209
1769,0.5251018
1770,0.13078527
1771,0.74541265
1772,0.35782617
1773,0.38522056
1774,0.5372085
1775,0.9182544
1776,0.44056427
1777,0.36539194
1778,0.3514594
1779,0.60037994
1780,0.075616434
1781,0.408687
1782,0.5690919
1783,0.9328046
1784,0.080263555
1785,0.14347222
1786,0.35950938
1787,0.27283347
1788,0.88756776
1789,0.46430954
1790,0.5052145
1791,0.3419857
1792,0.4557657
1793,0.9038416
1794,0.156032
1795,0.8884069
1796,0.8780331
1797,0.7868576
1798,0.28609672
1799,0.08810467
1800,0.20616844
1801,0.30365574
1802,0.9197456
1803,0.79838717
1804,0.9199738
1805,0.32481185
1806,0.7511705
1807,0.80494463
1808,0.8609075
1809,0.8921901
1810,0.316477
1811,0.50912696
1812,0.9096307
1813,0.5331827
1814,0.6227552
1815,0.07298174
1816,0.14577371
1817,0.13475703
1818,0.6642045
1819,0.29907486
1820,0.84226453
1821,0.7528912
1822,0.32079557
1823,0.27888456
1824,0.81667686
1825,0.7430757
1826,0.8952759
1827,0.85105616
1828,0.35505322
1829,0.39317435
1830,0.5216085
1831,0.082805835
1832,0.32666755
1833,0.66875225
1834,0.2453947
1835,0.28461906
1836,0.8143142
1837,0.79368764
1838,0.60553944
1839,0.111331776
1840,0.83525187
1841,0.8675875
1842,0.077937216
1843,0.8555764
1844,0.1478358
1845,0.8663016
1846,0.0822362
1847,0.4774434
1848,0.32683977
1849,0.10169398
1850,0.8021721
1851,0.326866
1852,0.8364755
1853,0.22019993
1854,0.49919686
1855,0.10311243
1856,0.39738664
1857,0.14260863
1858,0.35636717
1859,0.2800081
1860,0.882691
1861,0.8877379
1862,0.4994444
1863,0.67743653
1864,0.5085218
1865,0.9097524
1866,0.3151335
1867,0.45492285
1868,0.1574009
1869,0.89415526
1870,0.24098204
1871,0.81937206
1872,0.2915328
1873,0.21850836
1874,0.45555806
1875,0.738314
1876,0.20043762
1877,0.61155283
1878,0.16338798
1879,0.090423964
1880,0.3414717
1881,0.7694001
1882,0.34284797
1883,0.4863116
1884,0.2760979
1885,0.1419234
1886,0.88007045
1887,0.54860777
1888,0.40795857
1889,0.1349339
1890,0.793241
1891,0.61932814
1892,0.49507523
1893,0.18257488
1894,0.6602337
1895,0.6496443
1896,0.26712263
1897,0.38599828
1898,0.90829504
1899,0.65643686
1900,0.52561545
1901,0.4162015
1902,0.3347215
1903,0.16600357
1904,0.11985803
1905,0.1935144
1906,0.5494601
1907,0.77063686
1908,0.24605034
1909,0.80234313
1910,0.14058533
1911,0.27337447
1912,0.51879793
1913,0.30868202
1914,0.54564095
1915,0.42180076
1916,0.30655098
1917,0.5117825
1918,0.54591936
1919,0.08385223
1920,0.096353434
1921,0.63668716
1922,0.41169345
1923,0.32518435
1924,0.4161686
1925,0.1203023
1926,0.12476497
1927,0.33585864
1928,0.7598088
1929,0.906066
1930,0.915278
1931,0.5268659
1932,0.8603041
1933,0.86229753
1934,0.32650623
1935,0.60220563
1936,0.82055646
1937,0.87238526
1938,0.73055613
1939,0.5517091
1940,0.7294693
1941,0.9076775
1942,0.09625639
1943,0.75687176
1944,0.13109769
1945,0.6736001
1946,0.7462877
1947,0.890557
1948,0.20170918
1949,0.1502295
1950,0.4439318
1951,0.55028355
1952,0.3754765
1953,0.14033118
1954,0.78511095
1955,0.590332
1956,0.42100632
1957,0.82111746
1958,0.32860664
1959,0.7901138
1960,0.75797063
1961,0.13055673
1962,0.44492695
1963,0.7643737
1964,0.6897724
1965,0.06417895
1966,0.19031334
1967,0.722523
1968,0.45077863
1969,0.5720079
1970,0.7056587
1971,0.3550496
1972,0.8155987
1973,0.26091075
1974,0.5002444
1975,0.24203736
1976,0.35262436
1977,0.77525085
1978,0.44087625
1979,0.8612373
1980,0.9010105
1981,0.26071107
1982,0.14720826
1983,0.27747425
1984,0.8718289
1985,0.86993027
1986,0.21356364
1987,0.89805216
1988,0.81466556
1989,0.23964973
1990,0.8378372
1991,0.40616667
1992,0.7141722
1993,0.14628467
1994,0.44149318
1995,0.69100505
1996,0.5473876
1997,0.50782645
1998,0.90644056
1999,0.12120486
2000,0.2961344
2001,0.21531136
2002,0.5795169
2003,0.7637087
2004,0.19686957
2005,0.805582
2006,0.37376094
2007,0.45753402
2008,0.301799
2009,0.50088274
2010,0.80763865
2011,0.8699328
2012,0.19745106
2013,0.5350497
2014,0.8913662
2015,0.708867
2016,0.081315376
2017,0.68479896
2018,0.84321356
2019,0.47869208
2020,0.115750104
2021,0.65755224
2022,0.92219365
2023,0.31871927
2024,0.3103529
2025,0.10841796
2026,0.9027136
2027,0.560974
2028,0.48381326
2029,0.3737007
2030,0.91575444
2031,0.10576777
2032,0.85731864
2033,0.87954503
2034,0.5033591
2035,0.8951699
2036,0.07497454
2037,0.3035814
2038,0.5542464
2039,0.5649756
2040,0.2791026
2041,0.53259265
2042,0.9144797
2043,0.6241445
2044,0.31625488
2045,0.42409527
2046,0.6333538
2047,0.8695984
2048,0.84256506
2049,0.90830183
2050,0.24519312
2051,0.5749607
2052,0.8808411
2053,0.088297255
2054,0.6678842
2055,0.5737612
2056,0.7756457
2057,0.12807693
2058,0.35564563
2059,0.3540989
2060,0.51152396
2061,0.09394195
2062,0.6279391
2063,0.4929358
2064,0.891841
2065,0.799238
2066,0.7113754
2067,0.90509015
2068,0.60915035
2069,0.6445172
2070,0.45907366
2071,0.15028399
2072,0.22465508
2073,0.7028229
2074,0.8684945
2075,0.113153055
2076,0.4974673
2077,0.5912837
2078,0.116788164
2079,0.73886645
2080,0.8934027
2081,0.8369272
2082,0.49793255
2083,0.88304955
2084,0.2848424
2085,0.19405392
2086,0.40261146
2087,0.786371
2088,0.37292832
2089,0.42371184
2090,0.41945875
2091,0.5912935
2092,0.2398562
2093,0.1584751
2094,0.5867655
2095,0.2793895
2096,0.45777062
2097,0.7440543
2098,0.8822835
2099,0.41981527
2100,0.75290513
2101,0.28307897
2102,0.43421075
2103,0.50637454
2104,0.63752764
2105,0.5353704
2106,0.8218143
2107,0.60176915
2108,0.3466435
2109,0.7176965
2110,0.2824654
2111,0.4848846
2112,0.25716293
2113,0.47399777
2114,0.24479072
2115,0.5449501
2116,0.38231328
2117,0.21899676
2118,0.2890128
2119,0.70458734
2120,0.10463565
2121,0.17896251
2122,0.7489946
2123,0.22909491
2124,0.6966583
2125,0.30342183
2126,0.07211835
2127,0.3917644
2128,0.9275637
2129,0.8029246
2130,0.17916101
2131,0.10042228
2132,0.12891114
2133,0.25951737
2134,0.59993094
2135,0.89483553
2136,0.18766378
2137,0.089004695
2138,0.6313152
2139,0.6856646
2140,0.40673143
2141,0.85664433
2142,0.3983737
2143,0.22000293
2144,0.13531303
2145,0.8168535
2146,0.32359308
2147,0.624304
2148,0.8542315
2149,0.15123235
2150,0.44394636
2151,0.56648284
2152,0.1056039
2153,0.36502597
2154,0.4083314
2155,0.7614761
2156,0.2574194
2157,0.101105526
2158,0.42703164
2159,0.8392124
2160,0.22124767
2161,0.70049477
2162,0.17108192
2163,0.1903364
2164,0.57383084
2165,0.3091832
2166,0.89592284
2167,0.7230545
2168,0.4151412
2169,0.43577465
2170,0.7785922
2171,0.24931696
2172,0.1724116
2173,0.36519545
2174,0.6364846
2175,0.84156793
2176,0.10649674
2177,0.2852995
2178,0.4367669
2179,0.6140772
2180,0.6638168
2181,0.23901865
2182,0.13522479
2183,0.15988928
2184,0.43297583
2185,0.14319167
2186,0.7116529
2187,0.17987096
2188,0.1201662
2189,0.49142298
2190,0.1009562
2191,0.45523995
2192,0.3237624
2193,0.9131506
2194,0.8986912
2195,0.3651208
2196,0.1022915
2197,0.7824258
2198,0.2708376
2199,0.14744492
2200,0.858363
2201,0.73618966
2202,0.78144413
2203,0.47074834
2204,0.93208474
2205,0.15562998
2206,0.32051978
2207,0.8186044
2208,0.6259303
2209,0.58374566
2210,0.71939754
2211,0.3283704
2212,0.52704155
2213,0.54854107
2214,0.39923218
2215,0.85136265
2216,0.33702728
2217,0.8231432
2218,0.26687977
2219,0.87108916
2220,0.9256827
2221,0.39515948
2222,0.8524169
2223,0.5328452
2224,0.7667093
2225,0.11410685
2226,0.552896
2227,0.099857934
2228,0.07882687
2229,0.5833104
2230,0.5979886
2231,0.77443403
2232,0.33522984
2233,0.68738335
2234,0.62475836
2235,0.6330076
2236,0.42106217
2237,0.8097656
2238,0.13593544
2239,0.78510976
2240,0.8082881
2241,0.81155145
2242,0.47146282
2243,0.80122906
2244,0.37291273
2245,0.25730267
2246,0.70455587
2247,0.9217861
2248,0.7010255
2249,0.30439025
2250,0.9057057
2251,0.84943277
2252,0.532958
2253,0.24974221
2254,0.3856973
2255,0.8357858
2256,0.48462552
2257,0.1394728
2258,0.80407774
2259,0.42078018
2260,0.81560045
2261,0.20382379
2262,0.34050506
2263,0.5877967
2264,0.791813
2265,0.10877341
2266,0.32316557
2267,0.08009542
2268,0.6977776
2269,0.91011053
2270,0.29257587
2271,0.16020189
2272,0.3384677
2273,0.85961366
2274,0.8772508
2275,0.8766588
2276,0.4846905
2277,0.10200652
2278,0.26409876
2279,0.55098873
2280,0.90575206
2281,0.22017178
2282,0.73725927
2283,0.59455013
2284,0.40724123
2285,0.83803064
2286,0.27896672
2287,0.3208942
2288,0.4395757
2289,0.13098143
2290,0.3014955
2291,0.38782984
2292,0.79773784
2293,0.30804586
2294,0.41259885
2295,0.5238513
2296,0.37307608
2297,0.71056193
2298,0.48270512
2299,0.667099
2300,0.557293
2301,0.53127795
2302,0.9201874
2303,0.88211644
2304,0.31825218
2305,0.7419544
2306,0.2370861
2307,0.5971491
2308,0.41971707
2309,0.33871618
2310,0.29836276
2311,0.121523336
2312,0.10715693
2313,0.3997141
2314,0.4481864
2315,0.44877368
2316,0.80904186
2317,0.63725245
2318,0.6709598
2319,0.28653556
2320,0.15486488
2321,0.8029488
2322,0.38441262
2323,0.47135994
2324,0.85314524
2325,0.4034723
2326,0.60353917
2327,0.74492925
2328,0.42262408
2329,0.5326683
2330,0.6205352
2331,0.2470972
2332,0.116769545
2333,0.36331975
2334,0.89986444
2335,0.87722003
2336,0.5796071
2337,0.91372055
2338,0.8447064
2339,0.2110856
2340,0.4347599
2341,0.7699617
2342,0.41884547
2343,0.57605195
2344,0.8848259
2345,0.46580765
2346,0.3974038
2347,0.14159687
2348,0.22604698
2349,0.73708326
2350,0.84338194
2351,0.26560846
2352,0.5179291
2353,0.113090694
2354,0.5604324
2355,0.8819198
2356,0.8943956
2357,0.72468305
2358,0.9190884
2359,0.46493354
2360,0.7056092
2361,0.8350094
2362,0.81755227
2363,0.7070382
2364,0.5996286
2365,0.444063
2366,0.20679025
2367,0.38788608
2368,0.75519115
2369,0.85208994
2370,0.3556357
2371,0.91103214
2372,0.8280843
2373,0.2668489
2374,0.29410997
2375,0.7556129
2376,0.4581739
2377,0.63957185
2378,0.23571138
2379,0.90159976
2380,0.31110588
2381,0.83438385
2382,0.35741332
2383,0.10842125
2384,0.33870474
2385,0.10311243
2386,0.7670313
2387,0.8888865
2388,0.6328618
2389,0.3392279
2390,0.29016235
2391,0.30201447
2392,0.13031407
2393,0.7345679
2394,0.7867343
2395,0.318169
2396,0.28455767
2397,0.5548259
2398,0.1002517
2399,0.10490404
2400,0.8659234
2401,0.54564095
2402,0.4671205
2403,0.19656938
2404,0.8817643
2405,0.47957253
2406,0.38753662
2407,0.70674324
2408,0.0863921
2409,0.13370511
2410,0.13794702
2411,0.41112444
2412,0.10654679
2413,0.5544559
2414,0.5089012
2415,0.70690036
2416,0.25831962
2417,0.7058315
2418,0.791
2419,0.13981956
2420,0.48094413
2421,0.41111425
2422,0.32969642
2423,0.12927273
2424,0.579855
2425,0.521366
2426,0.5362097
2427,0.8392756
2428,0.8304136
2429,0.44573244
2430,0.5706519
2431,0.838373
2432,0.20494044
2433,0.32777998
2434,0.900654
2435,0.9003283
2436,0.69571584
2437,0.52410376
2438,0.12674716
2439,0.59341
2440,0.22355913
2441,0.79216945
2442,0.8564581
2443,0.17522435
2444,0.9246711
2445,0.806872
2446,0.20961297
2447,0.16495043
2448,0.5999074
2449,0.3922883
2450,0.36090982
2451,0.09573267
2452,0.32861254
2453,0.60162026
2454,0.8996455
2455,0.144827
2456,0.68051404
2457,0.7472395
2458,0.21415262
2459,0.882224
2460,0.92889446
2461,0.73501956
2462,0.3760711
2463,0.8509219
2464,0.22561894
2465,0.65025824
2466,0.5378607
2467,0.27897722
2468,0.8638424
2469,0.30389592
2470,0.23640028
2471,0.70427895
2472,0.5949288
2473,0.82654804
2474,0.6928367
2475,0.4378273
2476,0.85879004
2477,0.9076012
2478,0.63509285
2479,0.09248289
2480,0.8980185
2481,0.45991516
2482,0.13428509
2483,0.54830235
2484,0.645335
2485,0.86844075
2486,0.249315
2487,0.88710773
2488,0.16603534
2489,0.45339018
2490,0.87917715
2491,0.6542975
2492,0.78877443
2493,0.72104955
2494,0.7959114
2495,0.06889816
2496,0.76169705
2497,0.09460398
2498,0.38490766
2499,0.5126521
2500,0.29836276
2501,0.24296562
2502,0.7269575
2503,0.13738644
2504,0.90441185
2505,0.16679901
2506,0.42611906
2507,0.11897462
2508,0.5046194
2509,0.707136
2510,0.62542754
2511,0.12353962
2512,0.58080006
2513,0.5486889
2514,0.17366502
2515,0.6827434
2516,0.08645725
2517,0.6921309
2518,0.44819224
2519,0.10360955
2520,0.83240426
2521,0.90821904
2522,0.22620483
2523,0.5395087
2524,0.18798026
2525,0.80871326
2526,0.2154603
2527,0.08257983
2528,0.90500647
2529,0.2458127
2530,0.58022094
2531,0.63227147
2532,0.6611473
2533,0.56743336
2534,0.8951699
2535,0.67461944
2536,0.3914053
2537,0.7611146
2538,0.8342134
2539,0.75278944
2540,0.51353467
2541,0.49866354
2542,0.4550988
2543,0.85872185
2544,0.5482956
2545,0.086336456
2546,0.09919644
2547,0.46938336
2548,0.5726589
2549,0.82828003
2550,0.42051026
2551,0.42116898
2552,0.90943485
2553,0.7348912
2554,0.8738254
2555,0.673114
2556,0.6685144
2557,0.5503792
2558,0.5222008
2559,0.23825257
2560,0.62470376
2561,0.32518435
2562,0.2206521
2563,0.1955205
2564,0.15187117
2565,0.6177518
2566,0.42435542
2567,0.3136161
2568,0.096166626
2569,0.571308
2570,0.79918677
2571,0.72577816
2572,0.90777194
2573,0.36281914
2574,0.5526191
2575,0.328648
2576,0.35631764
2577,0.7940057
2578,0.17093855
2579,0.79508525
2580,0.50076866
2581,0.86717737
2582,0.19329198
2583,0.48730168
2584,0.75306803
2585,0.5122059
2586,0.38157615
2587,0.4461383
2588,0.8593799
2589,0.29311576
2590,0.709377
2591,0.8169712
2592,0.9082758
2593,0.21494366
2594,0.35837254
2595,0.7587338
2596,0.8330553
2597,0.5253003
2598,0.1554685
2599,0.16891694
2600,0.7247843
2601,0.81311524
2602,0.28301296
2603,0.38461894
2604,0.9139851
2605,0.46638077
2606,0.35736692
2607,0.16946839
2608,0.10442039
2609,0.58383405
2610,0.5526696
2611,0.78433794
2612,0.8309668
2613,0.28165722
2614,0.867365
2615,0.15359126
2616,0.265324
2617,0.21850836
2618,0.44564313
2619,0.69302446
2620,0.47616854
2621,0.13109723
2622,0.88720477
2623,0.39001372
2624,0.08810814
2625,0.29874045
2626,0.520583
2627,0.6891996
2628,0.11454014
2629,0.7764202
2630,0.657986
2631,0.811024
2632,0.58207405
2633,0.6436491
2634,0.38947546
2635,0.7498744
2636,0.9220315
2637,0.11045049
2638,0.5913341
2639,0.06817019
2640,0.6588026
2641,0.73781747
2642,0.11387272
2643,0.10589721
2644,0.6310496
2645,0.42016464
2646,0.69622517
2647,0.6328671
2648,0.21508092
2649,0.36631387
2650,0.3199557
2651,0.9196099
2652,0.67346126
2653,0.81397617
2654,0.32413846
2655,0.68620086
2656,0.9011298
2657,0.7869702
2658,0.6972072
2659,0.65479726
2660,0.650967
2661,0.8557349
2662,0.7837273
2663,0.0882663
2664,0.6820774
2665,0.61837614
2666,0.22408853
2667,0.38756576
2668,0.54413307
2669,0.22649333
2670,0.19446865
2671,0.7460848
2672,0.25074106
2673,0.34045398
2674,0.45895767
2675,0.504794
2676,0.15637176
2677,0.5250642
2678,0.13050178
2679,0.6143426
2680,0.2577979
2681,0.7258775
2682,0.16125633
2683,0.40780398
2684,0.61562794
2685,0.27381235
2686,0.21779568
2687,0.23310749
2688,0.92463106
2689,0.097987406
2690,0.29621133
2691,0.8854169
2692,0.9237004
2693,0.37114608
2694,0.09032499
2695,0.41999844
2696,0.49875084
2697,0.25301698
2698,0.8499051
2699,0.9014163
2700,0.56030077
2701,0.57693416
2702,0.1549911
2703,0.7687659
2704,0.84456927
2705,0.6549063
2706,0.5086834
2707,0.45847175
2708,0.87735677
2709,0.1288864
2710,0.6247954
2711,0.29684198
2712,0.6794449
2713,0.88195133
2714,0.5387651
2715,0.4449647
2716,0.08671804
2717,0.3242782
2718,0.72600406
2719,0.4138138
2720,0.22341125
2721,0.6827134
2722,0.69322246
2723,0.3493848
2724,0.1298854
2725,0.28677085
2726,0.84031034
2727,0.80536115
2728,0.9077866
2729,0.114723
2730,0.564442
2731,0.35475242
2732,0.81075364
2733,0.5754489
2734,0.2199829
2735,0.3500262
2736,0.41442007
2737,0.90526634
2738,0.35259652
2739,0.2062309
2740,0.5315439
2741,0.63220483
2742,0.87862295
2743,0.48997426
2744,0.8690324
2745,0.65483385
2746,0.24704999
2747,0.85797215
2748,0.913627
2749,0.098799564
2750,0.5326077
2751,0.8450767
2752,0.2405153
2753,0.2876341
2754,0.5079324
2755,0.25226676
2756,0.8241861
2757,0.7259195
2758,0.19354214
2759,0.924868
2760,0.430352
2761,0.117623195
2762,0.34491667
2763,0.81478924
2764,0.3756605
2765,0.13989706
2766,0.7898209
2767,0.7867522
2768,0.77600056
2769,0.7747941
2770,0.30745924
2771,0.60218346
2772,0.2062309
2773,0.805594
2774,0.16246453
2775,0.77288824
2776,0.32073689
2777,0.7484717
2778,0.31041768
2779,0.11932218
2780,0.90509015
2781,0.5297281
2782,0.33915588
2783,0.56293184
2784,0.16252393
2785,0.6989094
2786,0.5719114
2787,0.14754555
2788,0.5559662
2789,0.786306
2790,0.87793773
2791,0.14535367
2792,0.12187019
2793,0.6176374
2794,0.4060088
2795,0.49322668
2796,0.3685234
2797,0.1914655
2798,0.3810115
2799,0.7650828
2800,0.32348824
2801,0.65414506
2802,0.42442662
2803,0.12831053
2804,0.6619397
2805,0.82984763
2806,0.764766
2807,0.50025064
2808,0.08785303
2809,0.59248066
2810,0.7187525
2811,0.08432335
2812,0.4251439
2813,0.87767667
2814,0.8653395
2815,0.5100064
2816,0.6921644
2817,0.62087494
2818,0.9031821
2819,0.43831676
2820,0.48118424
2821,0.44148403
2822,0.15996374
2823,0.90113044
2824,0.7071963
2825,0.8013873
2826,0.37287667
2827,0.24452782
2828,0.2500805
2829,0.10897234
2830,0.44798526
2831,0.3593233
2832,0.92308784
2833,0.32419446
2834,0.43689674
2835,0.21880077
2836,0.71217805
2837,0.863224
2838,0.1080451
2839,0.23967078
2840,0.6123184
2841,0.49599585
2842,0.19893534
2843,0.68166226
2844,0.08735259
2845,0.5678314
2846,0.5750277
2847,0.7099351
2848,0.28864977
2849,0.888955
2850,0.7289696
2851,0.8400287
2852,0.86000186
2853,0.18607447
2854,0.9171032
2855,0.43752432
2856,0.92335904
2857,0.39399436
2858,0.8711059
2859,0.06724656
2860,0.41711384
2861,0.5265324
2862,0.39834225
2863,0.34460366
2864,0.5258283
2865,0.82573694
2866,0.8648486
2867,0.79773784
2868,0.82151824
2869,0.20677944
2870,0.29448137
2871,0.8261008
2872,0.25930342
2873,0.5613089
2874,0.67204595
2875,0.51509315
2876,0.3067316
2877,0.42487353
2878,0.603704
2879,0.7498127
2880,0.6529502
2881,0.5351816
2882,0.33071303
2883,0.18459933
2884,0.26650745
2885,0.14453988
2886,0.5100746
2887,0.39310944
2888,0.09512281
2889,0.42608795
2890,0.89126116
2891,0.47666076
2892,0.32961276
2893,0.64906305
2894,0.42997938
2895,0.5830441
2896,0.09903147
2897,0.6696971
2898,0.68724597
2899,0.38763043
2900,0.849195
2901,0.078949586
2902,0.12928717
2903,0.7860477
2904,0.7853828
2905,0.41928276
2906,0.7262963
2907,0.58910525
2908,0.5880104
2909,0.9234362
2910,0.64606506
2911,0.6163467
2912,0.51076007
2913,0.14241342
2914,0.89731944
2915,0.1832203
2916,0.3658687
2917,0.7775032
2918,0.49757177
2919,0.87710565
2920,0.5143724
2921,0.471777
2922,0.6147415
2923,0.5040865
2924,0.7491362
2925,0.6079892
2926,0.3689666
2927,0.3297488
2928,0.8547973
2929,0.32307824
2930,0.14145003
2931,0.5373138
2932,0.4526428
2933,0.8879288
2934,0.4795822
2935,0.653863
2936,0.33803612
2937,0.26873976
2938,0.2911094
2939,0.34571058
2940,0.8971267
2941,0.6503326
2942,0.192913
2943,0.42592457
2944,0.105238914
2945,0.8805857
2946,0.13633914
2947,0.6419899
2948,0.47344187
2949,0.90540725
2950,0.40178025
2951,0.66984755
2952,0.77802557
2953,0.2532428
2954,0.76997346
2955,0.28342637
2956,0.7197975
2957,0.7974485
2958,0.31075773
2959,0.66311795
2960,0.59751153
2961,0.27593738
2962,0.5012942
2963,0.3878546
2964,0.8768135
2965,0.8018115
2966,0.401157
2967,0.19115767
2968,0.2645428
2969,0.22960214
2970,0.63259715
2971,0.25265914
2972,0.84880394
2973,0.21777171
2974,0.64608526
2975,0.11583178
2976,0.3326542
2977,0.7860799
2978,0.8458471
2979,0.8572825
2980,0.25238225
2981,0.61846757
2982,0.103920765
2983,0.110233314
2984,0.76493603
2985,0.6515419
2986,0.3251654
2987,0.5067482
2988,0.09491384
2989,0.5058522
2990,0.60362476
2991,0.2624435
2992,0.09432606
2993,0.2117753
2994,0.34142956
2995,0.62250155
2996,0.5066697
2997,0.84020084
2998,0.50506735
2999,0.39947328
3000,0.35209262
3001,0.35209262
3002,0.43956098
3003,0.5487719
3004,0.20141633
3005,0.7263332
3006,0.65317464
3007,0.14972956
3008,0.91636443
3009,0.81937206
3010,0.54640746
3011,0.60960865
3012,0.84408945
3013,0.25930342
3014,0.7879296
3015,0.3237382
3016,0.46407825
3017,0.22451395
3018,0.85428935
3019,0.460382
3020,0.68751603
3021,0.5556441
3022,0.45397657
3023,0.90536666
3024,0.62993175
3025,0.26566914
3026,0.67218477
3027,0.5999982
3028,0.8934697
3029,0.87575936
3030,0.4418375
3031,0.76960564
3032,0.8744986
3033,0.799795
3034,0.103368334
3035,0.8064889
3036,0.66392255
3037,0.4396545
3038,0.23258919
3039,0.5054996
3040,0.78122246
3041,0.31041768
3042,0.5127315
3043,0.80987304
3044,0.2605308
3045,0.49007788
3046,0.9143458
3047,0.5786255
3048,0.93352056
3049,0.87788093
3050,0.41113803
3051,0.10200652
3052,0.8713405
3053,0.77559197
3054,0.8943229
3055,0.44114804
3056,0.2626324
3057,0.54588455
3058,0.3733933
3059,0.89079744
3060,0.7933844
3061,0.81956327
3062,0.28027377
3063,0.17938428
3064,0.2745405
3065,0.77364206
3066,0.85953283
3067,0.8392075
3068,0.66189724
3069,0.15561996
3070,0.44666472
3071,0.24223971
3072,0.9155491
3073,0.25631112
3074,0.2788648
3075,0.10158736
3076,0.90105486
3077,0.15245537
3078,0.8969151
3079,0.9137097
3080,0.91106695
3081,0.3919199
3082,0.6696971
3083,0.33319882
3084,0.52197474
3085,0.8104421
3086,0.2635619
3087,0.92636764
3088,0.17336522
3089,0.36973727
3090,0.6680724
3091,0.21644126
3092,0.93373626
3093,0.41981527
3094,0.6476786
3095,0.38467947
3096,0.25986353
3097,0.47783187
3098,0.90191376
3099,0.3850143
3100,0.38688788
3101,0.7273097
3102,0.12641537
3103,0.26028374
3104,0.31691292
3105,0.92499053
3106,0.096690446
3107,0.06783771
3108,0.24507608
3109,0.17905328
3110,0.40865913
3111,0.85269
3112,0.52554303
3113,0.50741947
3114,0.72295505
3115,0.51350147
3116,0.70674103
3117,0.397144
3118,0.379164
3119,0.89138657
3120,0.6801702
3121,0.29310763
3122,0.28878772
3123,0.6565938
3124,0.33115476
3125,0.11995222
3126,0.46049166
3127,0.8590626
3128,0.6407739
3129,0.8612034
3130,0.7103954
3131,0.2698621
3132,0.810666
3133,0.82437927
3134,0.81397617
3135,0.73055226
3136,0.7106162
3137,0.8156474
3138,0.66576654
3139,0.41259885
3140,0.1403808
3141,0.7889846
3142,0.3043327
3143,0.9107787
3144,0.7478401
3145,0.1856466
3146,0.24190669
3147,0.9268876
3148,0.378144
3149,0.3427891
3150,0.776861
3151,0.14575163
3152,0.8996413
3153,0.5500503
3154,0.5701297
3155,0.22994323
3156,0.20317866
3157,0.9079535
3158,0.5065521
3159,0.0927949
3160,0.70914036
3161,0.5775751
3162,0.80385756
3163,0.4285072
3164,0.5202332
3165,0.61212987
3166,0.3175577
3167,0.7139265
3168,0.6950594
3169,0.41091847
3170,0.5105599
3171,0.81819636
3172,0.42221984
3173,0.09751658
3174,0.76762277
3175,0.6393144
3176,0.12474109
3177,0.7545752
3178,0.3487459
3179,0.7810651
3180,0.24876374
3181,0.48656452
3182,0.7527134
3183,0.144512
3184,0.38609377
3185,0.11644934
3186,0.14724289
3187,0.7046388
3188,0.65433466
3189,0.38936606
3190,0.90185136
3191,0.086222306
3192,0.6102942
3193,0.82158524
3194,0.24178757
3195,0.48077455
3196,0.8112398
3197,0.7030076
3198,0.31118694
3199,0.45504308
3200,0.20362586
3201,0.8474564
3202,0.48300052
3203,0.109038815
3204,0.31092155
3205,0.44280437
3206,0.33229914
3207,0.8340578
3208,0.7281529
3209,0.9063697
3210,0.54830235
3211,0.59867847
3212,0.55975586
3213,0.6202297
3214,0.78060424
3215,0.35887223
3216,0.5173954
3217,0.21423137
3218,0.37269714
3219,0.120076686
3220,0.49246514
3221,0.26289997
3222,0.810703
3223,0.37242958
3224,0.7052225
3225,0.16875312
3226,0.4513075
3227,0.75951606
3228,0.35117656
3229,0.66216487
3230,0.690153
3231,0.17473704
3232,0.26741567
3233,0.24839982
3234,0.3556951
3235,0.79162234
3236,0.07574522
3237,0.34800068
3238,0.28383636
3239,0.062671974
3240,0.2128386
3241,0.36367527
3242,0.6050633
3243,0.5616142
3244,0.77188253
3245,0.66875225
3246,0.32064614
3247,0.8641338
3248,0.77559984
3249,0.6822993
3250,0.8964549
3251,0.87846684
3252,0.06461753
3253,0.5737596
3254,0.9224844
3255,0.44448024
3256,0.90508956
3257,0.07204172
3258,0.574175
3259,0.4764929
3260,0.6539694
3261,0.5973873
3262,0.65620416
3263,0.3332118
3264,0.3961307
3265,0.5952881
3266,0.068507165
3267,0.51007766
3268,0.8850493
3269,0.5668777
3270,0.156032
3271,0.23560382
3272,0.1740277
3273,0.42700514
3274,0.60232663
3275,0.7085569
3276,0.10315452
3277,0.6245714
3278,0.715322
3279,0.49029082
3280,0.84681034
3281,0.87060446
3282,0.74889565
3283,0.75015
3284,0.6258201
3285,0.89898175
3286,0.20862576
3287,0.09965934
3288,0.474131
3289,0.6144501
3290,0.20922156
3291,0.93089485
3292,0.30637112
3293,0.86094475
3294,0.6469142
3295,0.5145389
3296,0.29458824
3297,0.90573853
3298,0.57008815
3299,0.31378484
3300,0.2581205
3301,0.3526531
3302,0.2975856
3303,0.36519545
3304,0.2179577
3305,0.09871867
3306,0.1009562
3307,0.18959382
3308,0.55601096
3309,0.8062207
3310,0.3280315
3311,0.21045351
3312,0.66703165
3313,0.89503396
3314,0.37266457
3315,0.5948349
3316,0.81316304
3317,0.50262475
3318,0.8761302
3319,0.6589154
3320,0.50285405
3321,0.37609702
3322,0.49778205
3323,0.35393643
3324,0.25590435
3325,0.87545615
3326,0.87005895
3327,0.4161686
3328,0.5491296
3329,0.1855617
3330,0.22734085
3331,0.6414835
3332,0.14387241
3333,0.73270833
3334,0.7183185
3335,0.2867599
3336,0.82273513
3337,0.11631738
3338,0.1842523
3339,0.733242
3340,0.24696736
3341,0.11172158
3342,0.4388111
3343,0.40486306
3344,0.8329463
3345,0.27194086
3346,0.309008
3347,0.14828694
3348,0.49046287
3349,0.481431
3350,0.79720056
3351,0.55079895
3352,0.87900716
3353,0.77801806
3354,0.27033964
3355,0.15488799
3356,0.8575065
3357,0.8863038
3358,0.5048924
3359,0.58330643
3360,0.7693336
3361,0.07493859
3362,0.5265677
3363,0.82261467
3364,0.1609978
3365,0.3208942
3366,0.33522984
3367,0.5544292
3368,0.3290658
3369,0.56885827
3370,0.7160855
3371,0.912141
3372,0.33327696
3373,0.90127105
3374,0.1195966
3375,0.8797492
3376,0.33608896
3377,0.4876852
3378,0.4492905
3379,0.817816
3380,0.20110956
3381,0.86353976
3382,0.076752044
3383,0.3205484
3384,0.72511464
3385,0.67686117
3386,0.1847519
3387,0.784632
3388,0.54939747
3389,0.5533803
3390,0.37607664
3391,0.63227147
3392,0.28158346
3393,0.850878
3394,0.6041924
3395,0.44650295
3396,0.92770076
3397,0.28525332
3398,0.19453707
3399,0.5918266
3400,0.5199346
3401,0.7680361
3402,0.27763605
3403,0.09920389
3404,0.5126521
3405,0.88308257
3406,0.12297398
3407,0.4880254
3408,0.56205726
3409,0.67519087
3410,0.7526286
3411,0.9297092
3412,0.47344187
3413,0.69331616
3414,0.91244125
3415,0.82111746
3416,0.7014077
3417,0.5531408
3418,0.44969678
3419,0.4950301
3420,0.24634008
3421,0.5112319
3422,0.7306821
3423,0.36302888
3424,0.89837366
3425,0.14879407
3426,0.33689657
3427,0.5574789
3428,0.9161062
3429,0.6606562
3430,0.24393609
3431,0.93131554
3432,0.806872
3433,0.6286406
3434,0.27462122
3435,0.6245569
3436,0.12912387
3437,0.48893255
3438,0.12771882
3439,0.8497915
3440,0.21481434
3441,0.89411724
3442,0.07143011
3443,0.17694196
3444,0.120834894
3445,0.7400161
3446,0.666931
3447,0.48176375
3448,0.21903588
3449,0.33926523
3450,0.44971105
3451,0.82241833
3452,0.7585631
3453,0.16660967
3454,0.24804212
3455,0.15671994
3456,0.5086487
3457,0.8626712
3458,0.92615837
3459,0.78893983
3460,0.4719951
3461,0.83417
3462,0.4187021
3463,0.10501841
3464,0.6158252
3465,0.114113085
3466,0.7072233
3467,0.71690434
3468,0.09342833
3469,0.72480416
3470,0.10218566
3471,0.15248987
3472,0.8462551
3473,0.31583294
3474,0.56382304
3475,0.6324021
3476,0.83685803
3477,0.2810823
3478,0.14510605
3479,0.5959628
3480,0.11921723
3481,0.4018989
3482,0.12191718
3483,0.78407204
3484,0.7161886
3485,0.21161425
3486,0.81622034
3487,0.17756934
3488,0.44640476
3489,0.11116328
3490,0.71939754
3491,0.60377944
3492,0.87203836
3493,0.5810593
3494,0.38448378
3495,0.12909289
3496,0.3497537
3497,0.21366496
3498,0.8029488
3499,0.095361084
3500,0.4000326
3501,0.13685663
3502,0.27010858
3503,0.12270378
3504,0.4652899
3505,0.5746168
3506,0.7792048
3507,0.25631112
3508,0.39176956
3509,0.8016987
3510,0.33497208
3511,0.3368569
3512,0.85280603
3513,0.14845683
3514,0.109450564
3515,0.7469499
3516,0.45574418
3517,0.6400205
3518,0.3609876
3519,0.104953036
3520,0.35400587
3521,0.25203484
3522,0.5014733
3523,0.291436
3524,0.6789961
3525,0.1564359
3526,0.113123626
3527,0.33584356
3528,0.61009586
3529,0.46438736
3530,0.5473923
3531,0.4171458
3532,0.8848148
3533,0.10282094
3534,0.7298797
3535,0.69432783
3536,0.6887554
3537,0.8677751
3538,0.28564268
3539,0.8853671
3540,0.26629877
3541,0.9071739
3542,0.16424672
3543,0.32834506
3544,0.2578259
3545,0.924068
3546,0.385329
3547,0.51706403
3548,0.5091231
3549,0.63270247
3550,0.57412773
3551,0.068780646
3552,0.7648225
3553,0.4232002
3554,0.38788608
3555,0.38353616
3556,0.7952105
3557,0.76870036
3558,0.5330434
3559,0.52323395
3560,0.45699033
3561,0.3481047
3562,0.13057914
3563,0.693036
3564,0.34335777
3565,0.22140177
3566,0.39496574
3567,0.6095953
3568,0.8704068
3569,0.88651204
3570,0.077919304
3571,0.7449914
3572,0.8702398
3573,0.5612814
3574,0.8856494
3575,0.39853808
3576,0.3769028
3577,0.15954475
3578,0.42414886
3579,0.58367425
3580,0.5438587
3581,0.3012352
3582,0.78488296
3583,0.91655976
3584,0.88158035
3585,0.8139781
3586,0.18254824
3587,0.5350299
3588,0.5169592
3589,0.31999308
3590,0.7536187
3591,0.6650664
3592,0.14483741
3593,0.2732372
3594,0.30602744
3595,0.56503993
3596,0.52372485
3597,0.3005347
3598,0.7691306
3599,0.1537614
3600,0.2564705
3601,0.3293889
3602,0.4122397
3603,0.8355891
3604,0.3913428
3605,0.71300936
3606,0.37958112
3607,0.6109466
3608,0.2667404
3609,0.12831053
3610,0.6729657
3611,0.45077437
3612,0.12665369
3613,0.4219923
3614,0.74038464
3615,0.5330434
3616,0.6485479
3617,0.8157173
3618,0.5858726
3619,0.77707654
3620,0.092292
3621,0.6824942
3622,0.092728384
3623,0.7336487
3624,0.92717093
3625,0.54160213
3626,0.67844486
3627,0.29127505
3628,0.06644537
3629,0.82967675
3630,0.16478021
3631,0.8161678
3632,0.28247866
3633,0.3150129
3634,0.8826811
3635,0.8183472
3636,0.69415444
3637,0.46828854
3638,0.78352773
3639,0.2371214
3640,0.7723793
3641,0.43668705
3642,0.9115208
3643,0.21524587
3644,0.90821904
3645,0.32280645
3646,0.4264131
3647,0.55966616
3648,0.8795753
3649,0.5569704
3650,0.72923404
3651,0.16787839
3652,0.85212517
3653,0.3552857
3654,0.2046027
3655,0.5559662
3656,0.4113959
3657,0.7922614
3658,0.77965325
3659,0.27497533
3660,0.8331796
3661,0.5149034
3662,0.26841354
3663,0.44443277
3664,0.78380847
3665,0.8061151
3666,0.35156488
3667,0.65071213
3668,0.15394123
3669,0.08719342
3670,0.2216447
3671,0.5030534
3672,0.50199866
3673,0.32683626
3674,0.10021347
3675,0.7956437
3676,0.6784682
3677,0.09317402
3678,0.9224867
3679,0.26058897
3680,0.8901289
3681,0.48822287
3682,0.25329491
3683,0.65667766
3684,0.56663007
3685,0.41543218
3686,0.54314804
3687,0.6818558
3688,0.73555803
3689,0.74211955
3690,0.37967816
3691,0.091160096
3692,0.42291173
3693,0.45218563
3694,0.77988166
3695,0.7568786
3696,0.3113776
3697,0.117385626
3698,0.34216484
3699,0.92316556
3700,0.6933086
3701,0.91257834
3702,0.38025576
3703,0.69653356
3704,0.1422854
3705,0.70264417
3706,0.7467385
3707,0.37111595
3708,0.89526737
3709,0.776898
3710,0.29911378
3711,0.37474558
3712,0.49987283
3713,0.6285586
3714,0.39822754
3715,0.8966783
3716,0.78598446
3717,0.07975999
3718,0.8196789
3719,0.7204843
3720,0.8256557
3721,0.40788588
3722,0.689056
3723,0.8415144
3724,0.3124017
3725,0.14342853
3726,0.13502723
3727,0.11763094
3728,0.21652777
3729,0.871216
3730,0.91158485
3731,0.8408603
3732,0.077971525
3733,0.31381968
3734,0.79249454
3735,0.83391005
3736,0.38949838
3737,0.15444154
3738,0.3697464
3739,0.7014402
3740,0.27456713
3741,0.34287018
3742,0.16360094
3743,0.34331706
3744,0.52585727
3745,0.88160425
3746,0.41433573
3747,0.74609274
3748,0.2000044
3749,0.7326435
3750,0.5989909
3751,0.07788598
3752,0.09883658
3753,0.46054414
3754,0.6247869
3755,0.14269616
3756,0.24159849
3757,0.14150606
3758,0.8619141
3759,0.07824835
3760,0.4112628
3761,0.12609807
3762,0.22086072
3763,0.31889653
3764,0.86844075
3765,0.41535115
3766,0.51410127
3767,0.4807115
3768,0.79873824
3769,0.11151059
3770,0.6494389
3771,0.12380787
3772,0.30649087
3773,0.5548259
3774,0.12933844
3775,0.6806024
3776,0.81966066
3777,0.525857
3778,0.7778661
3779,0.37547216
3780,0.38009062
3781,0.73051935
3782,0.50717473
3783,0.56248134
3784,0.6557554
3785,0.18179059
3786,0.2758076
3787,0.6280773
3788,0.6797699
3789,0.45376563
3790,0.3908346
3791,0.6880431
3792,0.6062424
3793,0.1768267
3794,0.1011021
3795,0.88134634
3796,0.09256096
3797,0.8394592
3798,0.26328483
3799,0.39817774
3800,0.7034128
3801,0.81363
3802,0.40585464
3803,0.13735922
3804,0.56174594
3805,0.88785774
3806,0.7492727
3807,0.8899467
3808,0.189488
3809,0.37070036
3810,0.7105767
3811,0.5672323
3812,0.53435934
3813,0.4134576
3814,0.14293092
3815,0.82260996
3816,0.8464519
3817,0.89038557
3818,0.639496
3819,0.15844105
3820,0.87605697
3821,0.25641277
3822,0.3637182
3823,0.5876894
3824,0.6976154
3825,0.35393244
3826,0.79378164
3827,0.8685362
3828,0.26004574
3829,0.5823441
3830,0.21551687
3831,0.8759311
3832,0.9358211
3833,0.1942519
3834,0.14027269
3835,0.4349973
3836,0.80270153
3837,0.103434
3838,0.6657516
3839,0.09817149
3840,0.17827518
3841,0.10967455
3842,0.8211424
3843,0.5947653
3844,0.093356766
3845,0.279094
3846,0.5233976
3847,0.58908117
3848,0.61885005
3849,0.34422493
3850,0.7643894
3851,0.48495796
3852,0.85625005
3853,0.7261814
3854,0.58295524
3855,0.71583664
3856,0.29261854
3857,0.7875039
3858,0.10463565
3859,0.676456
3860,0.6853076
3861,0.52828354
3862,0.90441185
3863,0.5086747
3864,0.92781734
3865,0.29907486
3866,0.8339773
3867,0.5249139
3868,0.8574251
3869,0.39441696
3870,0.88179624
3871,0.20389684
3872,0.92811227
3873,0.6806179
3874,0.7244048
3875,0.7595502
3876,0.8081465
3877,0.82072675
3878,0.58096963
3879,0.12269407
3880,0.40974805
3881,0.87381005
3882,0.69150144
3883,0.34803036
3884,0.5905184
3885,0.87402636
3886,0.4168519
3887,0.90437984
3888,0.73450744
3889,0.33304593
3890,0.12708256
3891,0.7850844
3892,0.38905355
3893,0.6625624
3894,0.20466724
3895,0.67544186
3896,0.59581715
3897,0.8366341
3898,0.6913225
3899,0.4158928
3900,0.82111907
3901,0.7918237
3902,0.2853751
3903,0.5456496
3904,0.9082422
3905,0.31698987
3906,0.6092545
3907,0.25931972
3908,0.17471454
3909,0.86405057
3910,0.16772276
3911,0.8702731
3912,0.24368839
3913,0.45581284
3914,0.23107344
3915,0.92224616
3916,0.63508755
3917,0.90587723
3918,0.17401995
3919,0.4133743
3920,0.16931815
3921,0.27046123
3922,0.21194087
3923,0.8277984
3924,0.62067556
3925,0.3997141
3926,0.87005895
3927,0.45457378
3928,0.6742658
3929,0.16626382
3930,0.198931
3931,0.095615424
3932,0.13910346
3933,0.6849866
3934,0.2221077
3935,0.16349536
3936,0.14838088
3937,0.34177455
3938,0.8762582
3939,0.31755343
3940,0.3946552
3941,0.20620893
3942,0.8374691
3943,0.38018578
3944,0.6364846
3945,0.16368663
3946,0.13465005
3947,0.30939934
3948,0.57655203
3949,0.6285429
3950,0.91262835
3951,0.6269363
3952,0.82609963
3953,0.23624347
3954,0.5466438
3955,0.7317374
3956,0.34094405
3957,0.88377094
3958,0.15972458
3959,0.09162158
3960,0.75656515
3961,0.6962532
3962,0.5506169
3963,0.46087858
3964,0.65454507
3965,0.6139246
3966,0.29821923
3967,0.73801523
3968,0.3428778
3969,0.45771188
3970,0.20960851
3971,0.12850434
3972,0.6264887
3973,0.1098231
3974,0.74715304
3975,0.8758835
3976,0.82426375
3977,0.08942784
3978,0.851603
3979,0.6050088
3980,0.6590117
3981,0.1157494
3982,0.8892623
3983,0.50967187
3984,0.2303463
3985,0.30976856
3986,0.4401686
3987,0.90804297
3988,0.27948052
3989,0.1691511
3990,0.84901994
3991,0.103896216
3992,0.49323595
3993,0.563763
3994,0.78688854
3995,0.79162234
3996,0.6026208
3997,0.7485786
3998,0.8608125
3999,0.14455982
4000,0.18025565
4001,0.21702103
4002,0.2478237
4003,0.44382572
4004,0.32461908
4005,0.22303602
4006,0.57023954
4007,0.4070497
4008,0.5240372
4009,0.49139684
4010,0.8423065
4011,0.33546987
4012,0.17176484
4013,0.6079892
4014,0.55121845
4015,0.12982185
4016,0.3316691
4017,0.14274359
4018,0.48521373
4019,0.1298615
4020,0.2637029
4021,0.84677863
4022,0.73066056
4023,0.3479257
4024,0.51878875
4025,0.35100508
4026,0.48765227
4027,0.86827934
4028,0.5980126
4029,0.54140747
4030,0.53429794
4031,0.8707496
4032,0.20141633
4033,0.7200799
4034,0.08668974
4035,0.48280513
4036,0.741443
4037,0.363153
4038,0.92954963
4039,0.6799299
4040,0.52909815
4041,0.082019866
4042,0.086972386
4043,0.21793479
4044,0.5527358
4045,0.56825864
4046,0.47396222
4047,0.9069385
4048,0.11389006
4049,0.5031098
4050,0.5850129
4051,0.45854098
4052,0.6158508
4053,0.32972106
4054,0.18567036
4055,0.88157517
4056,0.8409009
4057,0.911167
4058,0.47779137
4059,0.4071799
4060,0.28732383
4061,0.93064594
4062,0.17383249
4063,0.6982488
4064,0.6411441
4065,0.2992364
4066,0.26860785
4067,0.6868847
4068,0.15740605
4069,0.5512213
4070,0.7416739
4071,0.15768228
4072,0.8210564
4073,0.34171176
4074,0.9053992
4075,0.715322
4076,0.7095357
4077,0.14520878
4078,0.5943775
4079,0.8919963
4080,0.30034754
4081,0.20995438
4082,0.41904756
4083,0.4263153
4084,0.52554303
4085,0.114570834
4086,0.802441
4087,0.6070472
4088,0.5563194
4089,0.58849376
4090,0.898541
4091,0.39165223
4092,0.61324215
4093,0.6767427
4094,0.674694
4095,0.5165104
4096,0.7836992
4097,0.60814834
4098,0.6479736
4099,0.7022743
4100,0.9319644
4101,0.52894855
4102,0.30853802
4103,0.64545923
4104,0.759246
4105,0.38907593
4106,0.7722084
4107,0.13744253
4108,0.5798648
4109,0.41554824
4110,0.826239
4111,0.8634052
4112,0.88007534
4113,0.92227066
4114,0.7907019
4115,0.84083086
4116,0.6024119
4117,0.16020803
4118,0.54161566
4119,0.8756597
4120,0.09200812
4121,0.19600277
4122,0.14885524
4123,0.3366195
4124,0.8949125
4125,0.3999917
4126,0.6138549
4127,0.5413106
4128,0.7371909
4129,0.15130034
4130,0.8485792
4131,0.9005872
4132,0.8006843
4133,0.7992934
4134,0.22400932
4135,0.5892758
4136,0.09517872
4137,0.07660684
4138,0.24814168
4139,0.15688029
4140,0.7979908
4141,0.76464283
4142,0.13218941
4143,0.14928773
4144,0.47131148
4145,0.2970895
4146,0.63008046
4147,0.7330747
4148,0.91871756
4149,0.100612134
4150,0.8531583
4151,0.47749287
4152,0.09416641
4153,0.7988342
4154,0.1151642
4155,0.8451901
4156,0.1548318
4157,0.6770988
4158,0.8833303
4159,0.5997208
4160,0.37665808
4161,0.16215396
4162,0.13275217
4163,0.6321058
4164,0.20206942
4165,0.78609115
4166,0.76043016
4167,0.37594193
4168,0.09155289
4169,0.13086952
4170,0.6738061
4171,0.3556151
4172,0.5721279
4173,0.47973228
4174,0.32779896
4175,0.27148327
4176,0.077450305
4177,0.26927647
4178,0.8803096
4179,0.3963592
4180,0.116962194
4181,0.92198443
4182,0.88566595
4183,0.61495715
4184,0.17809512
4185,0.85834444
4186,0.75696504
4187,0.53573096
4188,0.5445728
4189,0.34391284
4190,0.29180878
4191,0.2450253
4192,0.0856231
4193,0.7923156
4194,0.15910348
4195,0.39947203
4196,0.8454274
4197,0.5212484
4198,0.4478145
4199,0.7334019
4200,0.3305437
4201,0.32445693
4202,0.43555507
4203,0.46888325
4204,0.4423773
4205,0.39488906
4206,0.5186171
4207,0.58295876
4208,0.6838193
4209,0.63310266
4210,0.4769699
4211,0.6577054
4212,0.40140122
4213,0.42479748
4214,0.8627734
4215,0.28885916
4216,0.35084462
4217,0.8824254
4218,0.1305782
4219,0.87749004
4220,0.88507265
4221,0.23494032
4222,0.9178586
4223,0.7865979
4224,0.6749561
4225,0.1898963
4226,0.13811453
4227,0.3494923
4228,0.46311477
4229,0.07282778
4230,0.3660438
4231,0.44557533
4232,0.22202227
4233,0.56020784
4234,0.4057011
4235,0.6335254
4236,0.8444591
4237,0.5093583
4238,0.51567966
4239,0.43103296
4240,0.12074676
4241,0.27702507
4242,0.09236347
4243,0.89109385
4244,0.106890246
4245,0.21141438
4246,0.9070781
4247,0.5230136
4248,0.88211644
4249,0.7233881
4250,0.18278706
4251,0.45036963
4252,0.9141472
4253,0.84145796
4254,0.5570705
4255,0.12036817
4256,0.09979073
4257,0.79091656
4258,0.74606276
4259,0.6522354
4260,0.61136025
4261,0.6170275
4262,0.65679294
4263,0.39002624
4264,0.39341122
4265,0.7042543
4266,0.21622846
4267,0.8862958
4268,0.6606562
4269,0.6308735
4270,0.13792956
4271,0.8943882
4272,0.72296053
4273,0.45634907
4274,0.401995
4275,0.4000961
4276,0.34210837
4277,0.649609
4278,0.23560207
4279,0.28088892
4280,0.5713918
4281,0.6134713
4282,0.37821978
4283,0.19708608
4284,0.66124976
4285,0.8865736
4286,0.8365511
4287,0.88408095
4288,0.8281189
4289,0.64563197
4290,0.90522677
4291,0.19727856
4292,0.35321823
4293,0.16971892
4294,0.7160217
4295,0.77285695
4296,0.4078546
4297,0.7867436
4298,0.8160022
4299,0.91413814
4300,0.90632993
4301,0.91871244
4302,0.91151154
4303,0.906457
4304,0.43229124
4305,0.40562525
4306,0.8524084
4307,0.83891094
4308,0.12389398
4309,0.13600726
4310,0.18144444
4311,0.43644214
4312,0.8731049
4313,0.08536706
4314,0.085411265
4315,0.5095456
4316,0.82511204
4317,0.4773028
4318,0.7325928
4319,0.3210707
4320,0.3521566
4321,0.15404232
4322,0.264409
4323,0.57272357
4324,0.3952244
4325,0.72982866
4326,0.72523785
4327,0.47161308
4328,0.29462093
4329,0.24708626
4330,0.302685
4331,0.22981778
4332,0.86767095
4333,0.91240144
4334,0.31369987
4335,0.88710773
4336,0.39392117
4337,0.5616935
4338,0.888183
4339,0.61334306
4340,0.20324245
4341,0.84491026
4342,0.34143242
4343,0.3691213
4344,0.4448857
4345,0.40826714
4346,0.33701268
4347,0.22131239
4348,0.58802986
4349,0.5370941
4350,0.7694312
4351,0.8532642
4352,0.6443262
4353,0.43357688
4354,0.3943476
4355,0.7775461
4356,0.30866152
4357,0.4580733
4358,0.703589
4359,0.89308083
4360,0.0965235
4361,0.46443772
4362,0.34844232
4363,0.26616812
4364,0.76696616
4365,0.6402593
4366,0.8383299
4367,0.64655197
4368,0.19668221
4369,0.12419389
4370,0.25541413
4371,0.37383708
4372,0.33415666
4373,0.48979852
4374,0.927591
4375,0.8408603
4376,0.33287603
4377,0.715878
4378,0.5946578
4379,0.8854696
4380,0.1475322
4381,0.7169154
4382,0.64933497
4383,0.21187052
4384,0.5035368
4385,0.45791504
4386,0.30064347
4387,0.65667766
4388,0.7998067
4389,0.8944049
4390,0.34239462
4391,0.20521776
4392,0.09636948
4393,0.4026773
4394,0.19336812
4395,0.8820739
4396,0.7179072
4397,0.89285237
4398,0.70914036
4399,0.763608
4400,0.8958197
4401,0.8442327
4402,0.23518229
4403,0.22432533
4404,0.7783562
4405,0.6988281
4406,0.3888923
4407,0.1687575
4408,0.5300454
4409,0.5627237
4410,0.7340966
4411,0.31390077
4412,0.58851725
4413,0.6776264
4414,0.8621162
4415,0.16441725
4416,0.7199294
4417,0.706967
4418,0.90825963
4419,0.41671857
4420,0.7307067
4421,0.9292537
4422,0.34654713
4423,0.26278293
4424,0.32177398
4425,0.80996656
4426,0.5357089
4427,0.90720904
4428,0.73207563
4429,0.24500784
4430,0.18773288
4431,0.7539357
4432,0.30373308
4433,0.6164259
4434,0.8953185
4435,0.45364392
4436,0.18471618
4437,0.67725295
4438,0.6272857
4439,0.3645459
4440,0.9300402
4441,0.8954446
4442,0.37098342
4443,0.47113606
4444,0.23742934
4445,0.90837955
4446,0.5456496
4447,0.62302023
4448,0.3399628
4449,0.08534705
4450,0.60371447
4451,0.15135187
4452,0.8378958
4453,0.41565254
4454,0.8816601
4455,0.74248815
4456,0.25559282
4457,0.7714377
4458,0.6114619
4459,0.1243414
4460,0.56510234
4461,0.84248847
4462,0.81941587
4463,0.07568639
4464,0.5171891
4465,0.9227696
4466,0.093779914
4467,0.4407805
4468,0.41027737
4469,0.30935058
4470,0.8740097
4471,0.32531267
4472,0.56243473
4473,0.76307744
4474,0.11729487
4475,0.6086417
4476,0.66344124
4477,0.37666455
4478,0.30734637
4479,0.8422475
4480,0.16819231
4481,0.8480892
4482,0.28245568
4483,0.56528926
4484,0.29120445
4485,0.76343834
4486,0.23376329
4487,0.70835286
4488,0.44414112
4489,0.12507166
4490,0.23519601
4491,0.8769061
4492,0.7520477
4493,0.6387046
4494,0.7162375
4495,0.7351309
4496,0.4239331
4497,0.12569065
4498,0.09422181
4499,0.5335442
4500,0.88657176
4501,0.86119306
4502,0.74025315
4503,0.36061427
4504,0.24433577
4505,0.34041622
4506,0.91037107
4507,0.4747142
4508,0.42419782
4509,0.7262963
4510,0.8207055
4511,0.84257925
4512,0.12372188
4513,0.27004406
4514,0.8096183
4515,0.16599074
4516,0.4877662
4517,0.13981956
4518,0.65272063
4519,0.27072895
4520,0.45781457
4521,0.5275735
4522,0.90194744
4523,0.6556537
4524,0.7393246
4525,0.45525393
4526,0.13504839
4527,0.38496298
4528,0.31308523
4529,0.66797435
4530,0.72125936
4531,0.7090431
4532,0.2823142
4533,0.7674302
4534,0.47635308
4535,0.18026458
4536,0.62587804
4537,0.39698473
4538,0.70822847
4539,0.90896016
4540,0.1094547
4541,0.6902626
4542,0.69848895
4543,0.3229886
4544,0.66503215
4545,0.70082235
4546,0.1416198
4547,0.08045019
4548,0.2191647
4549,0.23521948
4550,0.25417784
4551,0.71916044
4552,0.27697268
4553,0.12538634
4554,0.1681947
4555,0.48126948
4556,0.8638285
4557,0.2400043
4558,0.7681444
4559,0.41358325
4560,0.1329332
4561,0.9096307
4562,0.808583
4563,0.116962194
4564,0.09308669
4565,0.42314002
4566,0.901361
4567,0.70337534
4568,0.61019593
4569,0.2171142
4570,0.32861254
4571,0.35309768
4572,0.60254616
4573,0.17637059
4574,0.76626325
4575,0.11381542
4576,0.83605385
4577,0.57383084
4578,0.5218328
4579,0.15290429
4580,0.08297903
4581,0.09965934
4582,0.5902563
4583,0.32933146
4584,0.22957414
4585,0.7706727
4586,0.7329911
4587,0.5548186
4588,0.44373322
4589,0.514364
4590,0.48642132
4591,0.37773564
4592,0.89778745
4593,0.25498194
4594,0.88907385
4595,0.8898581
4596,0.31553164
4597,0.81046164
4598,0.35957375
4599,0.483484
4600,0.1691042
4601,0.22016142
4602,0.8663837
4603,0.10068408
4604,0.097255506
4605,0.55306923
4606,0.5458598
4607,0.20080738
4608,0.46785122
4609,0.2599592
4610,0.4226966
4611,0.46371612
4612,0.13068852
4613,0.80984807
4614,0.59634477
4615,0.43396237
4616,0.14053346
4617,0.5662686
4618,0.6164259
4619,0.77710384
4620,0.80233496
4621,0.27830812
4622,0.30427372
4623,0.63865227
4624,0.094049335
4625,0.5366828
4626,0.60234106
4627,0.9118293
4628,0.8642984
4629,0.75501096
4630,0.34654713
4631,0.691159
4632,0.8404771
4633,0.3958007
4634,0.51271343
4635,0.35382572
4636,0.92268467
4637,0.24429823
4638,0.21091425
4639,0.5624677
4640,0.10897915
4641,0.6442465
4642,0.8375107
4643,0.101105526
4644,0.20530395
4645,0.34449598
4646,0.34509602
4647,0.93915653
4648,0.20019157
4649,0.4500503
4650,0.88079494
4651,0.8859551
4652,0.9090637
4653,0.36136883
4654,0.07159163
4655,0.68895096
4656,0.23478074
4657,0.25947556
4658,0.8411699
4659,0.11149537
4660,0.902616
4661,0.15923484
4662,0.47004914
4663,0.3789203
4664,0.39281893
4665,0.16858853
4666,0.8830613
4667,0.8937347
4668,0.55960965
4669,0.15290385
4670,0.108346656
4671,0.39637116
4672,0.16988848
4673,0.9071808
4674,0.34522566
4675,0.42217803
4676,0.14506608
4677,0.81139165
4678,0.62336946
4679,0.3834509
4680,0.6970273
4681,0.8271438
4682,0.5999296
4683,0.193513
4684,0.30871063
4685,0.6498438
4686,0.31909165
4687,0.8541027
4688,0.927604
4689,0.88560593
4690,0.79019713
4691,0.17806987
4692,0.88510346
4693,0.17890556
4694,0.36794618
4695,0.15990101
4696,0.8318935
4697,0.47040114
4698,0.34844047
4699,0.58497304
4700,0.09929352
4701,0.1288864
4702,0.88034326
4703,0.7329264
4704,0.76081777
4705,0.6956959
4706,0.25682205
4707,0.55881673
4708,0.35691893
4709,0.62530357
4710,0.6823513
4711,0.8855701
4712,0.42108446
4713,0.363153
4714,0.7639857
4715,0.14354698
4716,0.43820113
4717,0.11689896
4718,0.63082045
4719,0.48783457
4720,0.88190085
4721,0.104089774
4722,0.7230352
4723,0.10846971
4724,0.12206141
4725,0.9000157
4726,0.28536272
4727,0.17464814
4728,0.6129088
4729,0.5085751
4730,0.83771545
4731,0.31235704
4732,0.8611266
4733,0.8846161
4734,0.61313856
4735,0.7061373
4736,0.3775659
4737,0.1631573
4738,0.14835979
4739,0.467288
4740,0.18182337
4741,0.22749916
4742,0.40466064
4743,0.15154113
4744,0.8894106
4745,0.12016592
4746,0.3464195
4747,0.78337014
4748,0.608521
4749,0.7513442
4750,0.146907
4751,0.5951108
4752,0.8684007
4753,0.6757719
4754,0.19773398
4755,0.895131
4756,0.92923236
4757,0.81939244
4758,0.75278944
4759,0.77032954
4760,0.46331024
4761,0.3483478
4762,0.14730936
4763,0.3861342
4764,0.314587
4765,0.7627687
4766,0.25301784
4767,0.9158739
4768,0.35928324
4769,0.8246532
4770,0.8396119
4771,0.21645634
4772,0.92022264
4773,0.11695808
4774,0.17804746
4775,0.627177
4776,0.9028505
4777,0.59003687
4778,0.8126854
4779,0.24900861
4780,0.5778011
4781,0.22177863
4782,0.17405064
4783,0.32700425
4784,0.5537588
4785,0.3460503
4786,0.82299817
4787,0.5565167
4788,0.081018545
4789,0.16325843
4790,0.7742417
4791,0.20127891
4792,0.9005472
4793,0.47113797
4794,0.5914734
4795,0.14537309
4796,0.7382542
4797,0.6404775
4798,0.29185438
4799,0.13211623
4800,0.86300474
4801,0.66462016
4802,0.25399244
4803,0.63185567
4804,0.6337753
4805,0.78453946
4806,0.3178954
4807,0.450966
4808,0.7301796
4809,0.25929025
4810,0.84291995
4811,0.5251306
4812,0.40578073
4813,0.1679532
4814,0.5436968
4815,0.34910724
4816,0.12807693
4817,0.4036749
4818,0.14529471
4819,0.21453424
4820,0.44193393
4821,0.26886913
4822,0.8844432
4823,0.19402082
4824,0.66216373
4825,0.16360094
4826,0.59270805
4827,0.70636153
4828,0.39428177
4829,0.850966
4830,0.10962404
4831,0.7422105
4832,0.41798717
4833,0.6479736
4834,0.33187196
4835,0.24749391
4836,0.72534907
4837,0.8405939
4838,0.3416218
4839,0.823949
4840,0.15580557
4841,0.387609
4842,0.5778855
4843,0.4727165
4844,0.22373876
4845,0.8745711
4846,0.122344464
4847,0.5158405
4848,0.44087625
4849,0.4223019
4850,0.26917258
4851,0.3172819
4852,0.91461694
4853,0.661233
4854,0.2611367
4855,0.5886363
4856,0.11096171
4857,0.82668173
4858,0.93915653
4859,0.43978196
4860,0.5043348
4861,0.37675554
4862,0.8635263
4863,0.42941627
4864,0.7468384
4865,0.37480327
4866,0.48112926
4867,0.27072895
4868,0.6855739
4869,0.85236716
4870,0.54156464
4871,0.7132186
4872,0.35823956
4873,0.42705557
4874,0.30660856
4875,0.25593585
4876,0.38165212
4877,0.21402737
4878,0.41291484
4879,0.6887044
4880,0.62104607
4881,0.8743509
4882,0.2897243
4883,0.6605843
4884,0.5974031
4885,0.23311391
4886,0.12695321
4887,0.2758076
4888,0.4403382
4889,0.16322887
4890,0.343083
4891,0.48189625
4892,0.76545894
4893,0.22839354
4894,0.28657308
4895,0.22524498
4896,0.5456751
4897,0.4208292
4898,0.8963368
4899,0.2536841
4900,0.78717524
4901,0.17414206
4902,0.9169484
4903,0.9081364
4904,0.54980797
4905,0.1743338
4906,0.50378597
4907,0.3516163
4908,0.706682
4909,0.61019593
4910,0.79461324
4911,0.27656278
4912,0.8680632
4913,0.8715378
4914,0.28490815
4915,0.6924361
4916,0.78760946
4917,0.7480658
4918,0.25103235
4919,0.65062195
4920,0.41389057
4921,0.89707416
4922,0.54056615
4923,0.91646516
4924,0.3650648
4925,0.20946217
4926,0.46482915
4927,0.24408364
4928,0.8936215
4929,0.52739686
4930,0.5341112
4931,0.35180452
4932,0.771212
4933,0.8696772
4934,0.539039
4935,0.85102296
4936,0.4535632
4937,0.28472614
4938,0.54244554
4939,0.17900102
4940,0.09054259
4941,0.9000722
4942,0.87240684
4943,0.86329323
4944,0.15335932
4945,0.68124443
4946,0.32684857
4947,0.5083436
4948,0.4767009
4949,0.6439057
4950,0.25986928
4951,0.31318226
4952,0.26113695
4953,0.12034772
4954,0.886663
4955,0.8819198
4956,0.22593932
4957,0.13585815
4958,0.18491808
4959,0.8730025
4960,0.37177607
4961,0.91986614
4962,0.10259888
4963,0.8022018
4964,0.8753354
4965,0.1382943
4966,0.12744696
4967,0.7346213
4968,0.13947374
4969,0.63215286
4970,0.91945326
4971,0.32174063
4972,0.75801283
4973,0.9154593
4974,0.80530393
4975,0.81706136
4976,0.5457551
4977,0.26322228
4978,0.84227455
4979,0.5359369
4980,0.688865
4981,0.20728496
4982,0.5322551
4983,0.7001488
4984,0.092024595
4985,0.2671655
4986,0.14470018
4987,0.8144354
4988,0.797405
4989,0.69187844
4990,0.13296019
4991,0.41091847
4992,0.6218784
4993,0.30118188
4994,0.45903757
4995,0.16349536
4996,0.81588155
4997,0.49953967
4998,0.19550009
4999,0.571308
5000,0.4110864
5001,0.88280064
5002,0.24043345
5003,0.6804144
5004,0.7389984
5005,0.6729657
5006,0.49875778
5007,0.6603578
5008,0.64851254
5009,0.49073726
5010,0.11963233
5011,0.8837602
5012,0.721773
5013,0.26870313
5014,0.43882498
5015,0.38562158
5016,0.13007517
5017,0.34860897
5018,0.7411832
5019,0.5542694
5020,0.38445237
5021,0.8949813
5022,0.3457905
5023,0.7390028
5024,0.37422812
5025,0.8092585
5026,0.6246084
5027,0.18454126
5028,0.3844367
5029,0.7522023
5030,0.22169709
5031,0.5876779
5032,0.6352697
5033,0.74312973
5034,0.55687857
5035,0.42917863
5036,0.26003608
5037,0.45673555
5038,0.33009025
5039,0.33845672
5040,0.4728599
5041,0.113121025
5042,0.45344532
5043,0.28657204
5044,0.76792943
5045,0.15751003
5046,0.37274274
5047,0.8936273
5048,0.47343236
5049,0.57504356
5050,0.24106129
5051,0.6479676
5052,0.73131406
5053,0.5309382
5054,0.91015893
5055,0.100510426
5056,0.5058361
5057,0.9215504
5058,0.74722207
5059,0.8990538
5060,0.53576624
5061,0.8096968
5062,0.59220785
5063,0.2887705
5064,0.2538931
5065,0.8495141
5066,0.3519286
5067,0.122214876
5068,0.3972949
5069,0.33770737
5070,0.8906313
5071,0.101525225
5072,0.8950495
5073,0.77138627
5074,0.2533914
5075,0.15342763
5076,0.20728496
5077,0.47993442
5078,0.44846463
5079,0.11243671
5080,0.3791191
5081,0.6179655
5082,0.82984763
5083,0.10282268
5084,0.8752504
5085,0.3205162
5086,0.82848173
5087,0.24117604
5088,0.7940424
5089,0.21971555
5090,0.9000285
5091,0.57423913
5092,0.7275037
5093,0.23528074
5094,0.4769155
5095,0.93178046
5096,0.81827337
5097,0.29771984
5098,0.16431808
5099,0.3718985
5100,0.9086667
5101,0.5113483
5102,0.7941036
5103,0.80012923
5104,0.5066697
5105,0.76766115
5106,0.8864515
5107,0.39242217
5108,0.45815995
5109,0.14705409
5110,0.31296307
5111,0.54272336
5112,0.428444
5113,0.75264394
5114,0.87817466
5115,0.6472496
5116,0.9288245
5117,0.34560332
5118,0.503911
5119,0.91287535
5120,0.88934064
5121,0.5361533
5122,0.916799
5123,0.5011252
5124,0.3220175
5125,0.5505706
5126,0.9190898
5127,0.26716778
5128,0.5505706
5129,0.14241342
5130,0.5024145
5131,0.21850836
5132,0.20050727
5133,0.5004308
5134,0.4826026
5135,0.24339849
5136,0.7437764
5137,0.6282409
5138,0.6984643
5139,0.85428935
5140,0.8828338
5141,0.3454532
5142,0.16007487
5143,0.41563722
5144,0.81893235
5145,0.5433348
5146,0.093328394
5147,0.4538186
5148,0.55622953
5149,0.090837
5150,0.10661016
5151,0.15518473
5152,0.7420878
5153,0.8884837
5154,0.888955
5155,0.35620067
5156,0.8600248
5157,0.28627673
5158,0.8928173
5159,0.38784292
5160,0.7842712
5161,0.45837715
5162,0.5110027
5163,0.2920728
5164,0.799753
5165,0.6405064
5166,0.58637613
5167,0.2244683
5168,0.7692175
5169,0.6409318
5170,0.7307067
5171,0.17627946
5172,0.8196856
5173,0.8088672
5174,0.29281318
5175,0.2728636
5176,0.8954791
5177,0.6350765
5178,0.40531623
5179,0.644306
5180,0.07744911
5181,0.42534018
5182,0.40916142
5183,0.4262006
5184,0.5477366
5185,0.5806697
5186,0.89251655
5187,0.4072447
5188,0.8105178
5189,0.85694814
5190,0.40183207
5191,0.5539067
5192,0.76867
5193,0.18044163
5194,0.814551
5195,0.34726173
5196,0.6539598
5197,0.21645755
5198,0.6420178
5199,0.5573733
5200,0.18690129
5201,0.3414509
5202,0.37347132
5203,0.38203645
5204,0.5599307
5205,0.2943215
5206,0.3961176
5207,0.6869677
5208,0.09644773
5209,0.9033843
5210,0.35571095
5211,0.21101387
5212,0.5418318
5213,0.33988553
5214,0.75957185
5215,0.75223154
5216,0.7348007
5217,0.88067555
5218,0.33057982
5219,0.09556663
5220,0.2763059
5221,0.21491267
5222,0.81948346
5223,0.4735862
5224,0.58966106
5225,0.49967548
5226,0.25489375
5227,0.8696868
5228,0.69128704
5229,0.5836723
5230,0.8011662
5231,0.12011551
5232,0.7598178
5233,0.52066255
5234,0.61313856
5235,0.46114036
5236,0.5666262
5237,0.88009113
5238,0.18445568
5239,0.2883526
5240,0.31039065
5241,0.87533575
5242,0.6125589
5243,0.50145483
5244,0.33088964
5245,0.91108805
5246,0.6277871
5247,0.8348926
5248,0.11732739
5249,0.52053976
5250,0.1880249
5251,0.26421332
5252,0.21740663
5253,0.68938726
5254,0.47615817
5255,0.28796494
5256,0.4560188
5257,0.4076334
5258,0.20477845
5259,0.11050719
5260,0.89756215
5261,0.680307
5262,0.52202374
5263,0.08838915
5264,0.6802185
5265,0.62338436
5266,0.86022824
5267,0.849047
5268,0.7458446
5269,0.44720542
5270,0.73419434
5271,0.21064685
5272,0.6380659
5273,0.24896438
5274,0.70354253
5275,0.13810456
5276,0.88651204
5277,0.22698376
5278,0.44245267
5279,0.847966
5280,0.1840366
5281,0.13894546
5282,0.7670285
5283,0.87135845
5284,0.2936625
5285,0.855793
5286,0.77501935
5287,0.7272069
5288,0.18261224
5289,0.3520039
5290,0.423425
5291,0.6842578
5292,0.44533888
5293,0.5899232
5294,0.5222638
5295,0.6300065
5296,0.71359926
5297,0.50767976
5298,0.6761837
5299,0.34620202
5300,0.1705954
5301,0.8472647
5302,0.5700134
5303,0.70375603
5304,0.85062546
5305,0.29017282
5306,0.5275959
5307,0.63743234
5308,0.7975006
5309,0.16323023
5310,0.90564585
5311,0.83270204
5312,0.81939244
5313,0.77300555
5314,0.9224086
5315,0.42291173
5316,0.20907997
5317,0.24776034
5318,0.1608925
5319,0.9181815
5320,0.3774432
5321,0.34377936
5322,0.5242438
5323,0.12801708
5324,0.2818007
5325,0.21745697
5326,0.13460542
5327,0.2296633
5328,0.8714086
5329,0.089804836
5330,0.34007475
5331,0.5540693
5332,0.57296705
5333,0.25909317
5334,0.69150764
5335,0.19939531
5336,0.41023636
5337,0.18766755
5338,0.9022889
5339,0.10605525
5340,0.099178396
5341,0.47957253
5342,0.6160938
5343,0.36937687
5344,0.099994116
5345,0.7019254
5346,0.25917932
5347,0.5180863
5348,0.5611227
5349,0.7885941
5350,0.07408203
5351,0.4808505
5352,0.44015336
5353,0.8007698
5354,0.11932218
5355,0.53880817
5356,0.28176895
5357,0.5104537
5358,0.91715765
5359,0.1251591
5360,0.5837561
5361,0.47781792
5362,0.14199984
5363,0.38524356
5364,0.23128201
5365,0.77581054
5366,0.51341814
5367,0.42594302
5368,0.41711384
5369,0.22822915
5370,0.8591238
5371,0.7208084
5372,0.14440939
5373,0.48375195
5374,0.74739236
5375,0.7916446
5376,0.21537274
5377,0.23753811
5378,0.69317365
5379,0.84685504
5380,0.08749758
5381,0.2897729
5382,0.8391667
5383,0.7175418
5384,0.38487017
5385,0.17816015
5386,0.7959302
5387,0.883115
5388,0.7398862
5389,0.7926563
5390,0.29848927
5391,0.2810548
5392,0.4014554
5393,0.53303826
5394,0.23015362
5395,0.5733472
5396,0.8194522
5397,0.48289385
5398,0.42281818
5399,0.52959305
5400,0.4468442
5401,0.76050323
5402,0.68144095
5403,0.106771946
5404,0.398474
5405,0.8742595
5406,0.19734251
5407,0.5447085
5408,0.40979797
5409,0.5813957
5410,0.65125656
5411,0.36356038
5412,0.4031181
5413,0.6123184
5414,0.377593
5415,0.10307502
5416,0.24784303
5417,0.56351787
5418,0.86808777
5419,0.86730033
5420,0.1089766
5421,0.8748578
5422,0.20973013
5423,0.75671
5424,0.42695633
5425,0.58769614
5426,0.62637633
5427,0.9067155
5428,0.54928803
5429,0.7154621
5430,0.8573274
5431,0.6506696
5432,0.28445774
5433,0.55997574
5434,0.24342255
5435,0.65042996
5436,0.2624704
5437,0.10442039
5438,0.16103116
5439,0.7750674
5440,0.22032383
5441,0.7188824
5442,0.7138889
5443,0.92268467
5444,0.3896075
5445,0.81515574
5446,0.10063258
5447,0.24944735
5448,0.6494389
5449,0.65875417
5450,0.28151685
5451,0.28268105
5452,0.492855
5453,0.59864867
5454,0.812377
5455,0.64316714
5456,0.25259927
5457,0.24034035
5458,0.14907499
5459,0.58261657
5460,0.23056445
5461,0.13009171
5462,0.20732582
5463,0.16389832
5464,0.31318867
5465,0.40560198
5466,0.13485399
5467,0.13602296
5468,0.87328833
5469,0.77302533
5470,0.36302012
5471,0.5764508
5472,0.88229483
5473,0.24051026
5474,0.18741587
5475,0.06958724
5476,0.4037825
5477,0.09584228
5478,0.48796862
5479,0.7156606
5480,0.8810246
5481,0.58734554
5482,0.72264105
5483,0.48774529
5484,0.6357103
5485,0.27478766
5486,0.631133
5487,0.74673957
5488,0.7239872
5489,0.6408336
5490,0.41291496
5491,0.1758169
5492,0.16465023
5493,0.35048378
5494,0.15597266
5495,0.7758394
5496,0.9053084
5497,0.6590079
5498,0.2202821
5499,0.5757531
5500,0.521366
5501,0.25361103
5502,0.59488803
5503,0.47781792
5504,0.6775803
5505,0.29707852
5506,0.91425914
5507,0.6558927
5508,0.21753146
5509,0.07385003
5510,0.32403177
5511,0.53233206
5512,0.59691095
5513,0.86844075
5514,0.6281251
5515,0.6073745
5516,0.08690845
5517,0.7764202
5518,0.4086315
5519,0.22357644
5520,0.09653226
5521,0.29432848
5522,0.60707223
5523,0.5455854
5524,0.32964778
5525,0.13744253
5526,0.24946305
5527,0.17696087
5528,0.85313934
5529,0.3466435
5530,0.14628881
5531,0.41218975
5532,0.07560705
5533,0.91223454
5534,0.13114789
5535,0.4236122
5536,0.7548975
5537,0.30171898
5538,0.5959364
5539,0.8672119
5540,0.8684011
5541,0.4798404
5542,0.5157573
5543,0.55085164
5544,0.8052623
5545,0.34540483
5546,0.40051812
5547,0.3615187
5548,0.22562458
5549,0.5544593
5550,0.25957462
5551,0.48845404
5552,0.9065981
5553,0.3935675
5554,0.6333445
5555,0.87816674
5556,0.19392765
5557,0.24045843
5558,0.8425027
5559,0.080797985
5560,0.53802186
5561,0.23467268
5562,0.52333033
5563,0.92923236
5564,0.8624911
5565,0.90359354
5566,0.66865146
5567,0.5585584
5568,0.8161375
5569,0.5480009
5570,0.43920514
5571,0.4504414
5572,0.5933794
5573,0.7076027
5574,0.62107986
5575,0.6606562
5576,0.29215363
5577,0.87086743
5578,0.10607457
5579,0.82111746
5580,0.5844669
5581,0.8684957
5582,0.5761986
5583,0.5365654
5584,0.08296598
5585,0.9016311
5586,0.77624017
5587,0.7276679
5588,0.18242927
5589,0.09751658
5590,0.57601583
5591,0.1377687
5592,0.6164858
5593,0.103896216
5594,0.81769025
5595,0.30653772
5596,0.7901079
5597,0.21674207
5598,0.60221744
5599,0.7837781
5600,0.09104409
5601,0.49875778
5602,0.23742934
5603,0.49566284
5604,0.5867848
5605,0.90872097
5606,0.6942189
5607,0.9167305
5608,0.7858024
5609,0.46216577
5610,0.1428688
5611,0.11436119
5612,0.41272932
5613,0.59528375
5614,0.24006768
5615,0.75128716
5616,0.24922845
5617,0.68908775
5618,0.54615396
5619,0.51226884
5620,0.5189743
5621,0.6913284
5622,0.86963123
5623,0.8948403
5624,0.18959382
5625,0.36374262
5626,0.5597094
5627,0.45685878
5628,0.6145466
5629,0.5099529
5630,0.7844427
5631,0.64335334
5632,0.4281334
5633,0.31997678
5634,0.6955508
5635,0.54931694
5636,0.36316988
5637,0.23232801
5638,0.80408496
5639,0.3160533
5640,0.5877252
5641,0.657852
5642,0.80552775
5643,0.4142286
5644,0.18349785
5645,0.5654284
5646,0.25305945
5647,0.8683482
5648,0.33714297
5649,0.6896495
5650,0.21374555
5651,0.7002946
5652,0.70421684
5653,0.20540115
5654,0.3685293
5655,0.07574522
5656,0.8450855
5657,0.75264394
5658,0.7691136
5659,0.74709976
5660,0.6718333
5661,0.18457966
5662,0.583353
5663,0.27416047
5664,0.18522017
5665,0.82508516
5666,0.8213275
5667,0.6880522
5668,0.6323388
5669,0.86405057
5670,0.55252737
5671,0.69753927
5672,0.7276794
5673,0.26222682
5674,0.7805173
5675,0.7755454
5676,0.50585836
5677,0.35144845
5678,0.7514928
5679,0.84834313
5680,0.45213977
5681,0.8389776
5682,0.20600481
5683,0.5754419
5684,0.584364
5685,0.88010967
5686,0.4719441
5687,0.34229457
5688,0.5328219
5689,0.14639272
5690,0.3341153
5691,0.7090445
5692,0.13611338
5693,0.44995087
5694,0.627177
5695,0.4117788
5696,0.8316838
5697,0.5825011
5698,0.2810147
5699,0.6677735
5700,0.2644085
5701,0.58917814
5702,0.6757058
5703,0.7275037
5704,0.63131523
5705,0.70455587
5706,0.6869677
5707,0.26593626
5708,0.28584328
5709,0.8548496
5710,0.64059633
5711,0.119697645
5712,0.45586732
5713,0.88657135
5714,0.76542026
5715,0.47870696
5716,0.82901984
5717,0.7540791
5718,0.84894955
5719,0.45355198
5720,0.7718387
5721,0.7387393
5722,0.35799643
5723,0.18602575
5724,0.9114675
5725,0.68033457
5726,0.4854078
5727,0.8579
5728,0.6778636
5729,0.79720056
5730,0.91315717
5731,0.38025576
5732,0.72745323
5733,0.23992398
5734,0.85417217
5735,0.8237437
5736,0.13091025
5737,0.92077386
5738,0.28607166
5739,0.23329712
5740,0.60947466
5741,0.8972354
5742,0.90907156
5743,0.47033298
5744,0.84930676
5745,0.09917032
5746,0.89014435
5747,0.42876294
5748,0.21578775
5749,0.67675525
5750,0.8026053
5751,0.28215432
5752,0.5806138
5753,0.55055934
5754,0.7793087
5755,0.18461001
5756,0.89368725
5757,0.122025974
5758,0.4835757
5759,0.8156468
5760,0.8962726
5761,0.6263835
5762,0.8600122
5763,0.07472745
5764,0.34299868
5765,0.4513823
5766,0.10713945
5767,0.19381645
5768,0.58528906
5769,0.17205729
5770,0.17459328
5771,0.7917298
5772,0.69069386
5773,0.5590683
5774,0.41393238
5775,0.63292557
5776,0.78720355
5777,0.7281564
5778,0.87130034
5779,0.40168235
5780,0.4514645
5781,0.8499206
5782,0.37414587
5783,0.5698937
5784,0.32181287
5785,0.6502801
5786,0.8229296
5787,0.424684
5788,0.8497494
5789,0.64396673
5790,0.2812567
5791,0.81320983
5792,0.45010585
5793,0.7777172
5794,0.6459766
5795,0.09146388
5796,0.8684462
5797,0.47272834
5798,0.13114789
5799,0.6358959
5800,0.09300077
5801,0.22482395
5802,0.8704068
5803,0.90332466
5804,0.2667668
5805,0.09160357
5806,0.09101038
5807,0.17500363
5808,0.69819087
5809,0.45791504
5810,0.48565134
5811,0.5495747
5812,0.52771556
5813,0.80468833
5814,0.92415935
5815,0.43186224
5816,0.563224
5817,0.08900215
5818,0.7411869
5819,0.74284524
5820,0.11342235
5821,0.25603276
5822,0.54331195
5823,0.914437
5824,0.38627717
5825,0.106682666
5826,0.21595487
5827,0.47432733
5828,0.09700455
5829,0.2335802
5830,0.864815
5831,0.57209
5832,0.08792727
5833,0.62597555
5834,0.4333862
5835,0.22451995
5836,0.47681847
5837,0.2643075
5838,0.6282825
5839,0.13170972
5840,0.22941294
5841,0.81320983
5842,0.2069061
5843,0.3825962
5844,0.19251165
5845,0.88756776
5846,0.5236035
5847,0.75290513
5848,0.1666232
5849,0.08326307
5850,0.93373626
5851,0.108421445
5852,0.76241946
5853,0.36628562
5854,0.65678036
5855,0.62530357
5856,0.6249511
5857,0.60365933
5858,0.7609447
5859,0.6516185
5860,0.8684957
5861,0.8769061
5862,0.328648
5863,0.72381616
5864,0.9114317
5865,0.8124009
5866,0.3594017
5867,0.55089945
5868,0.9131737
5869,0.65467274
5870,0.7225143
5871,0.383645
5872,0.6631054
5873,0.21742857
5874,0.7672084
5875,0.08644044
5876,0.9215578
5877,0.16472521
5878,0.17993173
5879,0.7451151
5880,0.43644214
5881,0.8337479
5882,0.18740168
5883,0.116094284
5884,0.8709342
5885,0.31519404
5886,0.5090436
5887,0.4823062
5888,0.5876047
5889,0.31256157
5890,0.6248314
5891,0.2763898
5892,0.18654019
5893,0.82592314
5894,0.70130914
5895,0.14210485
5896,0.080706425
5897,0.9085231
5898,0.91921854
5899,0.6358959
5900,0.43086982
5901,0.22519515
5902,0.2361371
5903,0.17984886
5904,0.56949025
5905,0.7211171
5906,0.27870575
5907,0.75218755
5908,0.6114284
5909,0.3815919
5910,0.72114277
5911,0.4539238
5912,0.89508253
5913,0.41565254
5914,0.35647953
5915,0.815571
5916,0.5829654
5917,0.13161878
5918,0.85929286
5919,0.11556538
5920,0.35957375
5921,0.64324194
5922,0.31441242
5923,0.61186373
5924,0.16661607
5925,0.7523291
5926,0.16555448
5927,0.6239038
5928,0.8365302
5929,0.22140951
5930,0.7750552
5931,0.18046711
5932,0.871405
5933,0.6248311
5934,0.429069
5935,0.6461308
5936,0.22492793
5937,0.0863921
5938,0.13515006
5939,0.6405779
5940,0.07282116
5941,0.82803017
5942,0.30798122
5943,0.075061664
5944,0.21129957
5945,0.8196789
5946,0.28970727
5947,0.43120718
5948,0.32316968
5949,0.49586937
5950,0.6026657
5951,0.5367087
5952,0.40347844
